allusion	variation_list
桃源（陶潜）	['武陵溪', '桃花源', '桃花流水', '武陵源', '桃源路', '武陵春', '避秦人', '武陵人', '桃花洞', '桃源人', '不知秦', '桃源客', '桃源', '桃源境', '武陵洞', '洞中人', '武陵客', '武陵桃花', '桃源鸡犬', '不知有汉', '武陵路', '秦洞', '武陵水', '见秦人', '问秦人', '源桃', '流水桃源', '避世桃源', '武陵事', '源花', '秦人鸡犬', '花源', '秦人迹', '秦人路', '避秦', '秦人溪', '逃秦人', '武陵趣', '隐桃花', '避秦村', '迷武陵', '如今不是秦', '桃花闭洞门', '闻犬洞', '避秦溪', '洞犬谢秦人', '秦汉迷', '秦人南避', '秦人桃花', '秦世客', '秦渔', '如今已是汉', '山中秦晋', '逃秦', '桃花白云', '桃散武陵霞', '桃源士', '武陵', '嫌秦', '寻源', '避秦路', '不识东西晋', '晋客入洞', '秦客', '秦人洞天', '桃花迷洞口', '桃源土', '仙源', '源水无路']
阳台（宋玉，楚襄王，瑶姬）	['朝云暮雨', '楚襄王', '楚王台', '楚台', '暮雨朝云', '襄王梦', '阳台梦', '巫峡云', '高唐赋', '梦尽失欢', '巫山雨', '巫山云', '楚梦', '高唐梦', '高阳人', '阳台雨', '巫峡梦', '为云为雨', '巫山女', '巫山云雨', '阳台云', '云雨梦', '阳台云雨', '神女赋', '行云行雨', '云雨巫山', '高唐云', '巫娥', '巫山神女', '神女梦', '寄朝云', '云阳台', '断云残雨', '高唐神女', '高阳客', '梦高唐', '雨散云收', '神女雨', '阳台女', '楚台云', '断雨残云', '荆王梦', '朝暮雨', '高唐雨', '行雨行云', '云飞雨散', '断云零雨', '神女云', '梦神女', '阳台行雨', '阳云台', '暮为行雨', '巫山暮', '云雨阳台', '入梦人', '楚台人', '赋行云', '巫雨', '襄王云雨', '阳台神女', '楚王神女', '淡云轻雨', '高唐十二峰', '瑶姬梦', '除却巫山', '楚峡云归', '梦襄王', '巫山枕', '阳台暮雨', '阳台一片云', '荐梦', '怯雨羞云', '宋玉赋高唐', '阳台神', '云归楚峡', '云散高唐', '楚山云雨', '楚水梦', '梦落巫山', '神女', '蜀山梦', '巫云蜀雨', '无梦到阳台', '峡云巫雨', '襄王意', '行云带雨', '雨暮云朝', '雨润云温', '雨沾云惹', '云容雨态', '彩云梦断', '痴云騃雨', '楚峰云', '楚台梦', '楚云巫雨', '荒淫归楚襄', '为云女', '巫阳云雨仙', '香云入梦', '襄王春梦', '阳台', '云飘雨送', '爱雨怜云', '朝暮云雨', '楚台赋客', '楚台魂', '楚天朝雨', '楚王惊梦', '楚襄游梦', '拂楚王', '高阳暮雨', '汉上行云', '化朝云', '荐梦无云雨', '荆王神女', '丽赋朝云', '梦识阳台', '梦峡云归', '梦瑶姬', '梦云', '暮洒朝行', '腻雨娇云', '浓云骤雨', '神人入梦', '殢襄王', '晚云朝雨', '巫岭荆台', '巫阳归梦', '巫阳云气', '兴寻巫峡', '雨暗阳台', '雨魄云魂', '雨酡云醉', '雨歇巫娥', '云藏巫峡', '云朝暮雨', '云交雨合', '彩云下巫峰', '楚环巫峡', '楚襄恨', '荆国朝云', '荆台暮雨', '荆王暮雨', '精爽行云', '来云去雨', '灵雨灵云', '孟阳台', '梦雨', '蜀烟峡雨', '问云楚女', '巫娥含雨', '巫峡云雨', '巫云', '行云湿仙衣', '阳台楚云', '一枕高唐仙梦', '郢梦', '雨梦', '雨期云约', '云情']
吹箫（弄玉，秦穆公，萧史）	['凤凰台', '凤凰楼', '秦女', '凤箫声', '萧台', '秦箫', '吹箫侣', '弄玉箫', '丹凤城', '箫史', '仙史', '乘鸾女', '凤女', '箫凤', '秦王女', '学凤鸣', '吹箫伴', '弄玉吹箫', '嬴女', '凤城', '秦弄玉', '逐凤凰', '吹箫女', '骑丹凤', '仙人凤', '嬴女吹箫', '骑凤凰', '秦鸾', '秦女箫', '秦楼客', '台上吹箫', '吹凤箫', '吹箫伴侣', '凤女台', '乘龙人', '吹箫', '吹箫仙子', '凤不回', '鸣凤楼', '箫史凤', '弄碧箫', '秦家楼', '秦玉', '萧史伴', '箫声去', '帝子乘鸾', '秦楼', '秦台箫', '萧史凤', '肠断秦台', '凤楼', '控双鸾', '跨凤吹箫', '骑鸾女', '秦妃', '秦女鸾', '箫声飞去', '嬴女乘鸾', '彩箫凤侣', '层台凤舞', '乘凤仙人', '乘龙骑凤', '乘鸾姿', '凤凰声断', '教箫楼', '楼上吹箫人', '鸾凤匹', '秦娥', '秦楼凤吹', '秦楼萧史伴', '秦楼夜约', '秦箫声', '仙鸾彩凤', '萧郎赤凤', '箫女', '箫奏秦台', '嬴台女', '玉箫', '骖鸾', '骖鸾侣', '骖鸾仙子', '乘龙骑女', '乘鸾', '凤不返', '凤吹台', '凤翻萧曲', '凤翻箫曲', '凤楼吹箫', '凤去台空', '凤去遗箫', '凤笙', '凤台', '凤箫', '弄玉', '弄玉萧史', '秦凤', '秦楼吹箫', '秦台', '秦台凤去', '随凤史', '台空凤不来', '祥凤', '萧郎', '萧史', '萧氏夫妇', '萧玉和鸣', '学凤', '嬴女弄箫', '嬴台共吹']
桂枝（郤诜）	['昆山玉', '擢桂', '桂一枝', '郤诜', '桂折', '一枝桂', '攀仙桂', '一枝丹桂', '一枝仙桂', '昆山片玉', '一枝荣', '东堂桂', '桂科', '折桂', '桂枝', '昆山一片', '攀桂', '郤枝', '东堂策', '东堂梦', '片玉', '丹桂', '桂树', '一枝高折', '东堂第一', '诜桂', '郤诜丹桂', '郤诜枝', '桂苑一枝', '青桂', '诜枝', '失桂', '郗枝', '郤诜第', '仙桂', '折月中枝', '丹枝', '东堂桂树', '芳桂', '桂香', '郤诜策', '郤诜高第', '郤诜联臂', '东堂才', '桂籍', '荐东堂', '昆玉', '手中有桂', '郤家兄弟', '郤堂桂', '折桂高枝']
白雪（宋玉）	['阳春曲', '阳春白雪', '郢歌', '巴里', '郢雪', '歌阳春', '巴曲', '巴音', '曲高和寡', '郢唱', '雪唱', '阳春寡和', '白雪', '阳春', '唱高和寡', '巴歌', '郢词', '郢中春雪', '巴人', '歌春曲', '难和曲', '郢客', '郢曲', '唱高', '调高难和', '寡和', '寡和清歌', '曲高', '雪满琴', '郢篇', '郢声', '郢吟', '和寡', '下里', '雪曲', '郢律']
蓬莱	['蓬莱岛', '海上山', '瀛岛', '海上三山', '方蓬', '海中山', '入海求', '蓬莱宫殿', '蓬莱', '三岛', '蓬莱仙岛', '蓬瀛', '蓬壶', '三山', '瀛洲', '蓬莱仙馆', '蓬山', '蓬岛', '蓬莱银阙', '员峤波翻', '方壶', '方丈', '蓬邱', '蓬丘', '三壶', '五山', '员峤']
紫芝（刘邦，夏黄公，东园公，甪里先生，绮里季，四皓）	['黄绮', '园绮', '紫芝曲', '紫芝歌', '商皓', '商山四皓', '绮园', '商老', '商山翁', '四老人', '绮皓', '歌紫芝', '商山芝', '商山老', '商山皓', '四翁', '紫芝翁', '商山四老', '商翁', '绮季', '紫芝', '紫芝客', '商山紫芝', '赋紫芝', '甪里', '紫芝侣', '商山', '紫芝叟', '黄公', '角绮园黄', '绮园浪出', '商岭四翁', '园公', '园公芝草', '绮里', '商岩', '商颜', '四皓', '四老', '夏季']
谢朓	['谢宣城', '谢玄晖', '宣城守', '谢公', '小谢', '谢朓', '谢家为郡', '谢守', '宣城逸韵', '玄晖']
陶潜	['陶渊明', '陶靖节', '陶彭泽', '陶元亮', '彭泽令', '靖节先生', '彭泽宰', '陶公', '陶家', '泉明', '渊明', '陶令', '陶潜', '靖节', '彭泽', '元亮']
沧浪（屈原）	['濯尘缨', '濯沧浪', '逢渔父', '濯我缨', '孺子歌', '解尘缨', '渔父笑', '沧浪', '鼓枻歌', '沧浪濯缨', '濯缨', '思濯缨', '濯沧浪缨', '沧浪之水', '渔父濯沧浪', '渔父', '缨濯', '濯发沧浪', '渔父足', '尘缨欲濯', '鼓枻翁', '论浊清', '濯足', '沧浪未濯', '净濯兰缨', '值渔父', '濯楚臣缨', '濯冠巾']
鲈鱼（张翰）	['人生适意', '人生贵适意', '为鲈鱼', '鲈鱼脍', '忆鲈鱼', '季鹰归', '鲈香', '莼羹鲈脍', '知机早', '鲈鱼正美', '张翰思归', '脍鲈', '秋风归去', '张翰归', '季鹰舟', '季鹰船', '秋风鲈鲙', '秋风张翰', '吴中菰菜', '季鹰鱼', '张翰鲙', '鲈鱼', '羡季鹰', '莼鱼', '江东鲙', '恋鲈鱼', '菰菜鲈鱼', '思菰米', '步兵鲈', '步兵兴', '负鲈鱼', '季鹰高致', '季鹰归思', '季鹰鲈鲙', '江鲙美', '为莼', '忆鲙', '莼菜', '东归不为鲈', '故乡鲈鲙', '官许季鹰抛', '还吴张', '季鹰高兴', '江鲈有约', '鲙美菰香', '鲈鱼风起', '鲈鱼为后期', '秋风忆故乡', '思归张翰', '忆脍', '因鲈鱼', '张翰辞东府', '张翰浮誇', '张翰命驾', '张翰忆江东', '张翰知机', '张季思鲈', '张掾秋风', '扁舟为鲈鱼', '菜羹', '莼鲈', '故乡鱼美', '季鹰', '季鹰在洛', '鲈脍', '鲈乡', '鲈鱼堪鲙', '思归待秋风', '思鲈', '西风动我归', '西风归计', '西风忆鲈鱼', '张翰', '张翰悲秋', '张翰知终']
三径（求仲，羊仲，蒋诩）	['开三径', '羊求', '三径', '开竹径', '求仲', '蒋诩径', '蒋生径', '羊仲', '求羊径', '求羊踪', '三径诩', '蒋生难再逢', '蒋诩三径', '开径', '三路', '避地蒋生', '二仲', '径开高士', '求羊']
卞和	['荆玉', '和璧', '和氏璧', '荆山玉', '楚璞', '献璞', '荆璧', '卞璞', '三刖', '卞和泣', '完璞', '三献玉', '荆和', '卞和玉', '献楚', '卞和三献', '卞和刖', '和氏玉', '荆山璆', '玉三献', '荆宝', '和氏泪', '痛玉', '荆璞', '泣玉', '卞和耻', '卞泣', '楚山玉', '楚王珍', '刖足', '抱玉泪', '悲玉石', '和氏愆', '三献荆山', '白璧三年泪', '白璧疑冤楚', '抱石疑非', '抱玉卞和', '璧悲三献', '卞玉', '卞子抱玉', '楚家玉', '楚人随玉', '楚山迷璧', '楚山囚玉', '和氏宝', '荆人', '荆山待价', '泣楚玉', '泣血人', '洒泪成血', '三献', '三献三刖', '为玉泣', '误卞和', '献玉', '献玉和', '再献甘灭趾', '證玉臣', '足刖已过三', '白璧冤楚', '谤玉', '抱璞', '抱玉', '卞和', '卞和不斲', '卞和胫', '卞山璞', '卞疑', '楚璧', '楚卞', '和氏三献', '和氏献玉', '和玉', '怀玉', '荆人美璞', '良璞悲', '献玉招刑', '刖人哭', '贼奇璞']
令威（丁令威）	['丁令威', '辽东鹤', '华表鹤', '冢累累', '千年鹤', '鹤归华表', '城郭人民', '华表柱', '华表鹤归', '千岁鹤', '辽海鹤', '华表归来', '千年华表', '白鹤归', '华表千年', '辽鹤归来', '白鹤归来', '鹤表', '千年别', '辽天鹤', '辽城鹤', '归辽海', '辽东华表', '鹤归辽海', '千年化鹤', '老令威', '侣鹤', '归飞鹤', '华表语', '城郭新', '丁鹤', '鹤鸣华表', '鹤姓丁', '骑鹤归来', '重来华表', '化鹤丁', '辽东丁', '故旧非', '令威还', '人事都非', '身化鹤', '丁家鹤', '千载归来', '临华表', '千年归鹤', '城郭人非', '丁仙化鹤', '故园华表', '华表恨', '华表留言', '辽水千年', '辽天归鹤', '千载鹤归', '仙人化鹤', '白鹤报乡人', '别后华表', '城是人非', '大鸟来华表', '孤鹤归期', '归郭令威', '归鹤怜', '归后语', '鹤到辽东', '鹤归城是', '鹤化千载', '鹤语冢难寻', '华表歌', '华表旧愁', '华表真人', '老仙鹤驭', '辽鹤', '令威归叹', '令威语', '山川城郭是耶非', '姓丁鹤', '依华表', '城郭空存', '丁令', '飞来丁令', '孤鹤归来过辽天', '归鹤', '归家华表', '鹤飞辽天', '鹤归', '鹤归故里', '鹤去知归', '化鹤', '跨鹤', '辽海愁云', '令威', '千年一回归', '山川如故人民非', '思归辽东', '西归千年后', '乡关华表']
双剑（干将，张华，莫邪，雷焕）	['射斗牛', '丰城剑', '双龙剑', '射牛斗', '斗牛光', '埋剑', '张雷', '冲星剑', '延平剑', '干牛斗', '龙光牛斗', '望牛斗', '牛斗之气', '星剑', '延津剑', '宝剑出', '斗间紫气', '两剑', '两龙剑', '丰城气', '牛斗气', '丰城双剑', '丰剑', '剑合延津', '丰狱剑', '星辰剑', '丰城龙剑', '雷剑', '匣中孤剑', '斗牛光焰', '雷焕张华', '冲斗剑', '延平双剑', '冲天剑', '剑合双龙', '剑跃双龙', '金剑沉埋', '雷氏剑', '张公龙剑', '报张华', '别剑', '剑虹浮', '剑埋丰城', '蛟龙子', '龙剑合延津', '南斗龙光', '神光上斗牛', '宝剑沉埋', '宝剑冲牛斗', '碧潭双剑', '斗冲剑气', '斗气埋长剑', '酆狱气', '剑化', '剑津宝气', '剑埋狱底', '雷焕掘剑', '雷令剑龙', '龙归剑杳', '龙渊触牛斗', '牛斗变化', '牛斗空', '牛斗龙泉气', '射斗光芒', '神龙双剑', '双剑', '双龙', '为龙信息', '匣龙双起', '星辰占宝剑', '星斗见光气', '延津龙去', '腰间剑去', '张雷识剑', '紫气飞空', '紫气干星', '宝剑丰城寒', '冲斗', '丰城陆沉', '丰城埋没', '丰狱埋剑', '干将冲牛射斗', '合剑龙津', '化龙', '剑龙辞延津', '剑埋龙壤', '剑气', '剑气射天', '剑水二龙', '剑闲夜冲星', '掘预藏剑', '掘狱张雷', '龙剑', '龙泉动牛斗', '牛斗紫气', '神光埋泉壤', '神剑跃平津', '神物化延平', '双飞归延津', '双剑埋狱', '双龙斗牛气', '匣剑同处', '延平', '一旦为龙', '张雷辨气', '紫气辨斗牛', '紫气剑一双']
磻溪（吕尚，周文王）	['磻溪', '渭曲', '钓鱼人', '磻溪钓', '磻溪叟', '钓筑', '渭滨叟', '钓国', '钓磻溪', '吕叟', '猎渭', '得熊罴', '渭钓', '渭川叟', '钓璜', '渭水垂纶', '渭水钓', '钓玉', '渭川老', '渭川垂钓', '渭川图', '太公垂钓', '渭川人', '朝歌屠叟', '君王猎渭滨', '起钓屠', '水滨老', '渭川熊', '渭川遗老', '渭阳人', '朝歌鼓刀叟', '垂钓', '垂渭水纶', '钓人不钓鱼', '钓叟值周王', '钓渭', '钓翁王者师', '钓周', '经纶钓', '吕钓', '吕公荣达', '梦渭滨', '磻石垂钩', '磻溪入钓', '磻溪未遇', '太傅翊周', '太公屠钓', '屠钓', '渭滨器', '渭川遇主', '渭上钓人', '渭上叟', '溪磻', '熊罴', '垂纶渭川', '猎卜非熊', '吕叟钓', '磻溪独钓', '莘渭擅耕鱼', '太公遇文猎', '屠饭', '渭滨', '渭川', '熊虎周郊卜', '鱼钓终渭川']
乘兴（戴逵，王徽之）	['山阴道', '山阴雪', '山阴兴', '剡溪船', '扁舟乘兴', '剡溪舟', '子猷船', '子猷访戴', '山阴访戴', '访戴舟', '剡溪兴', '忆山阴', '剡溪雪', '雪夜访', '寻安道', '剡曲船', '剡溪棹', '山阴舟', '见安道', '访安道', '山阴船', '山阴夜雪', '剡溪乘兴', '山阴访', '乘兴棹', '剡溪游', '回舟兴', '山阴月', '向剡溪', '访戴', '山阴雪夜船', '剡棹', '阻扁舟', '扁舟雪夜', '乘兴', '寻戴', '忆戴', '乘兴船', '剡溪风雪', '思安道', '子猷狂', '子猷清兴', '山阴回棹', '雪中棹', '何必见安道', '剡溪寻', '问安道', '忆戴船', '乘兴王猷', '剡川游', '雪下船', '扁舟兴尽归', '访雪舟', '觅戴逵', '剡舟夜雪', '兴尽归舟', '兴尽回酒船', '一棹剡溪', '泛山阴月', '泛舟思戴', '徽之问寂寥', '徽之棹', '回船剡溪', '回舟尽兴', '山阴道回', '山阴一叶舟', '剡中情味', '剡中舟', '王寻戴', '王猷船过剡溪', '王子雪舟', '兴比乘舟访', '兴尽', '雪溪小棹', '寻戴客', '寻访剡溪人', '越水泛舟', '短棹乘兴', '返棹', '回雪访', '山阴归船', '山阴溪船', '雪访相访', '雪舟访', '叶棹相寻', '子猷访', '子猷棹船回']
骢马（桓典）	['御史骢', '避骢', '避马', '骢马', '铁骢', '桓典马', '乘骢', '花骢']
五马	['五马']
大鹏（庄子）	['垂天翼', '鳞翼', '负青天', '九万鹏', '鸠居', '九万扶摇', '北溟鱼', '九万风', '凌风翔', '抟鹏', '北溟鲲', '羊角风', '鲲化', '南鹏', '鲲海', '海鹏', '鲲鹏变化', '鹏鲲', '万里鹏程', '鹏程万里', '鹏翅', '垂天鹏', '大鹏飞', '图南翼', '九万抟', '风鹏', '九霄鹏', '溟鹏', '扶摇力', '抟风翼', '化鲲', '鲲化鹏', '水击三千里', '三千击浪', '天池鹏', '九万抟风', '鲲鹏化', '鹍化', '鹏化', '摩天翼', '鲲鹏万里', '天池翼', '青冥姿', '变化鲲鹏', '垂天鹏翼', '大鹏击水', '击水三千里', '鸠鹏', '九鲲', '鲲鹏游', '凌云翅', '鹏抟', '大鹏', '九万鹏风', '蹑扶摇', '适南海', '天南翼', '图南', '图南羽翮', '抟扶', '抟溟', '北溟翼', '蔽天鹏', '冲天鹏翅', '反溟极', '奋北溟', '化北鱼', '鲸鹏游', '鸠鹏自乐', '九万欲抟空', '九万云霄路', '鲲移鹏徙', '鹍鹏', '溟翼', '溟鱼一息化天津', '南溟风浪', '南图', '喷浪溟鲲', '鹏北海', '如云长翮', '腾鲲', '抟垂翼', '抟风', '抟风起北溟', '北极羁羽', '垂天', '海鸟远天地', '海远到天池', '化鹏', '击浪天地', '九万风鹏', '鲲鱼化鹏', '南溟', '南溟垂翼', '鹏背', '鹏飞', '鹏海', '鹏举', '鹏兴', '鹏翼', '鹏远天池', '云鹏', '著鲲', '壮志南溟']
相如（司马相如）	['马相如', '相如', '昔马', '马卿', '长卿']
采薇（伯夷，叔齐）	['夷齐', '故山薇', '首阳薇', '北山薇', '夷叔', '采薇蕨', '采薇歌', '食薇', '夷齐饿', '西山老', '西山饿', '西山薇蕨', '首阳饿', '首阳人', '采薇', '饿首阳', '夷齐采薇', '夷齐饿首阳', '饿死西山', '首阳二子', '采薇翁', '薇堪采', '问首阳', '采薇士', '耻周粟', '食周薇', '笑首阳', '不事周', '采蕨', '西山羞', '西山遗老', '伯夷食菜', '不甘臣武', '采蕨为粮', '孤竹饿', '叩马西山', '首阳魂', '薇老首阳', '西山食粟', '伯夷', '孤竹', '蕨薇', '首阳', '双麋不返', '周粟不顾']
子晋（王子乔）	['王子乔', '王子晋', '吹玉笙', '子晋笙', '缑山鹤', '灵鹤', '子晋吹笙', '缑岭鹤', '缑笙', '王子吹笙', '周太子', '举手谢时人', '周王子', '王乔鹤', '吹笙去', '缑岭云', '缑山仙子', '跨鹤吹笙', '灵王子', '缑氏鹤', '吹笙骑鹤', '吹笙跨鹤', '缑山', '缑山骑鹤', '洛滨笙', '子乔笙', '吹笙仙子', '登缑岭', '缑山王郎子', '伊笙', '乘鹤', '乘鹤缑山', '吹笙', '吹笙遥谢手', '凤吹去', '缑岭笙歌', '缑山风月', '鹤禁', '骑鹤', '骑鹤峰', '去鹤留笙', '山头白鹤候我', '笙箫缑岭人', '使鹤催', '王子驾', '维岭', '西归公子', '谢路人', '子乔', '子乔笙鹤', '冲天', '吹笙北崖', '凤吹', '凤笙', '鹤驾', '鹤驭', '跨鹤', '笙鹤', '王乔', '维氏鹤', '舞鹤', '西岭吹笙', '谢时', '玉笙断', '子晋']
长沙谪（贾谊）	['贾长沙', '长沙傅', '长沙客', '长沙谪', '长沙才子', '贾生谪', '贾谊贬', '贾生流落', '贾生流寓', '贾生憔悴', '长沙宦', '贾生困长沙', '贾生三年', '绛灌谗陷', '长沙愁', '长沙容']
凤池（荀勖）	['凤凰池', '凤池', '池上凤', '荀池', '凤沼', '丹凤池', '凤皇池']
山简	['山太守', '白接䍦', '山公醉', '山翁醉', '接䍦倒', '倒著接䍦', '葛强', '山公倒载', '举鞭问', '山翁倒载', '山公兴', '倒载', '巾倒戴', '酩酊', '山公饮', '醉倒山公', '接䍦倾倒', '山公上马', '山公行处', '山公游赏', '山简', '山公延宾客', '山公坐池', '笑马上葛僵', '笑问并州儿葛']
乘槎	['八月槎', '乘槎客', '海上槎', '泛灵槎', '犯斗牛', '犯斗槎', '上汉槎', '秋槎', '乘槎', '到斗牛', '八月灵槎', '沧海使', '饮牛津', '斗边槎', '牵牛渡', '海槎', '八月查', '查上', '槎客', '犯牛仙', '泛槎', '浮槎', '客槎来去', '灵槎', '识天河', '蜀客', '问津牛浦', '仙查', '仙槎', '仙石逐槎回', '星槎', '犯宿槎', '海客', '津接斗牛', '客槎', '客星泛仙槎', '灵查']
湘妃（唐尧，女英，娥皇，舜，虞舜）	['湘夫人', '皇英', '湘魂', '娥皇', '湘妃泪', '湘妃怨', '尧女', '苍梧泪', '泪竹', '思帝子', '帝妃', '泣竹', '湘泪', '苍梧恨', '竹上泪', '湘妃泣', '啼斑竹', '哭苍梧', '啼湘', '湘娥竹', '二妃愁', '哭重华', '舜娥悲', '湘妃', '湘灵', '湘女恨', '湘娥', '湘妃血', '湘篁染泪', '湘君', '湘竹痕', '斑竹染啼血', '楚妃泪竹', '帝子痕', '娥英泣', '二女事唐虞', '粉篁春泪', '恨竹泪', '江娥啼竹', '染竹啼', '舜妃悲', '湘妃旧竹', '湘皇泪雨', '湘水泪', '玉立湘皋', '怨泪连疏竹', '竹上斓斑', '斑竹', '帝子', '二妃', '二女垂泪', '妃泣竹', '九疑泪竹', '哭翠华', '女悲', '女英', '染筠', '舜妃啼竹', '啼舜妇', '湘川别泪', '湘川恨', '湘筠', '英皇']
老莱（老莱子）	['老莱衣', '斑衣舞', '莱彩', '莱子衣', '舞斑衣', '舞莱衣', '舞衣斑', '戏莱衣', '老莱戏', '老莱心', '斑斓戏', '老莱服', '斑衣儿啼', '彩衣斑', '侍彩', '五采衣', '莱衣戏舞', '稚子斑', '斑衣', '斑衣侍', '莱子彩', '彩服', '弄乌莱子', '五彩服', '戏莱', '戏衣莱', '衣同莱子', '彩眼', '彩衣', '彩衣娱亲', '服彩老莱', '莱衣', '莱子', '莱子戏庭', '老莱', '老莱戏彩', '戏彩']
谢公（谢安）	['谢安石', '谢太傅', '谢公', '东山太傅', '谢傅', '安石', '谢安']
五柳（陶潜）	['五柳先生', '门前五柳', '先生柳', '陶令门', '五株柳', '陶潜柳', '五柳陶', '陶门', '五杨柳', '渊明柳', '陶家柳', '归来柳', '柳飞彭泽雪', '柳觅先生', '陶令株', '陶庐树', '陶宅五株', '元亮柳', '筑室种柳', '靖节门柳', '柳暗陶门公', '陶凿五柳', '五柳']
贾谊	['洛阳年少', '洛阳才', '洛阳才子', '洛阳少年', '洛阳子', '贾傅', '贾生', '贾谊']
解榻（周璆，徐稚，陈蕃）	['陈蕃榻', '拂榻', '徐孺榻', '设榻', '置榻', '陈榻', '徐榻', '徐稚榻', '登榻', '故榻', '榻尘', '高人榻', '挂榻', '一榻高悬', '留宾榻', '榻空悬', '下尘榻', '陈蕃悬榻', '解榻', '悬榻', '陈蕃解榻', '陈公榻', '高悬一榻', '挂尘榻', '稚榻', '陈蕃礼高士', '陈蕃怜', '旧榻悬尘', '郡斋榻', '扫榻', '榻留徐稚', '榻正悬', '下榻', '下榻见贤', '下榻荣', '一榻陈蕃', '优贤榻', '仲举思', '延榻', '一榻容孺子', '一榻依陈', '招徐稚', '至两榻']
双鱼	['尺素书', '烹鲤', '鱼封', '素鲤', '双鱼', '鱼传尺素', '寄鳞', '双鲤', '鱼尺', '二鲤鱼', '锦鳞书', '尺素', '鲤鱼', '传书', '烹鱼', '鱼书', '鳞鸿', '素书', '鱼雁']
盐梅（傅说，殷高宗）	['调味', '盐梅', '傅说羹', '和羹梅', '调鼎', '和羹', '调梅', '和鼎', '梅子荐盐', '商鼎', '调羹', '商岩调羹']
颜子（孔子，颜回）	['颜巷', '箪瓢陋巷', '一瓢饮', '在陋巷', '三十二居陋巷', '乐箪瓢', '一瓢颜', '贤哉回也', '颜子', '食一箪', '一瓢陋巷', '箪瓢人', '颜巷陋', '回也贤', '颜巷乐', '箪瓢', '乐一瓢', '一箪瓢', '箪瓢颜子', '颜渊陋巷', '一瓢自乐', '鲁瓢', '贤哉巷', '辛苦学颜回', '隐居颜氏', '箪食', '学颜', '颜回', '颜生', '颜渊']
支公（支道林）	['支道林', '道林', '林公', '支公', '支遁']
绝弦（伯牙，钟子期）	['高山流水', '伯牙琴', '伯牙弦', '流水曲', '牙弦', '弄琴牙', '流水琴', '山水调', '钟期耳', '绝弦', '子期知音', '罢琴', '朱弦断', '弦断', '弦琴肯重闻', '钟殁师废琴', '山水在琴', '弦绝', '钟期辨']
甘棠（召公姬奭）	['召棠', '憩棠', '召伯棠', '思召伯', '甘棠遗爱', '棠郊', '召公棠', '爱棠', '棠芾', '甘棠颂', '讼棠', '甘棠', '蔽芾棠阴', '召南棠', '棠树', '棠阴', '遗棠', '甘棠不剪', '忆甘棠', '邵伯棠', '棠茂', '棠树政', '棠遗善政', '甘棠少讼', '南山遗爱', '棠户', '棠郊成政', '棠颂', '棠叶', '棠影', '忆召公', '故国裁棠', '劭伯树', '邵伯', '棠花', '棠树遗爱', '遗爱召伯', '召伯遗泽']
竹林期（刘伶，向秀，子咸，山涛，嵇康，王咸，王戎，阮咸，阮籍）	['竹林七贤', '竹林游', '林下客', '竹林贤', '竹林人', '竹林期', '阮嵇', '竹林会', '咸籍', '竹林狂', '山阳会', '竹林欢', '竹林嵇阮', '竹林七子', '林中酒', '七子风', '中散地', '林间饮酒', '七人班', '阮生集', '结社竹林诗老', '晋贤醉', '阮嵇辈', '山阳宴', '竹林社友', '竹林胜侣', '晋时竹', '七贤', '山阳旧侣', '竹林伴侣', '竹林浇', '竹林晋阮']
白鸥（列子）	['白鸥盟', '忘机鸥', '不惊鸥', '海上鸥', '鸥鹭盟', '白鸥波', '盟鸥鹭', '驯鸥', '白鸥亲', '狎鸟', '狎鸥鸟', '鹭鸥盟', '波上鸥', '随白鸥', '沙边鸥鹭', '鸥鸟忘机', '旧鸥', '鸥相狎', '逐轻鸥', '鸥浩荡', '海翁机', '鸥鸟伴', '同盟鸥鹭', '盟在白鸥', '狎鸥', '白鸥', '白鸥猜', '海鸥', '鸥鸟情', '海边鸥鸟', '海鸟忘机', '忘情鱼鸟', '鱼鸟忘情', '海上狎鸥', '海鸟作朋俦', '海上逢鸥', '机忘鸟不猜', '鸥惊耻海滨', '鸥鸟相猜', '鸥鸟相亲', '无机鸥不惊', '相忘鸥鸟', '海鸥高翔', '海鸥相疑', '黄鲁直笛弄', '机息海滨', '惊鸥', '旧鸥能记', '盟鸥', '鸥可亲', '鸥盟', '鸥梦', '鸥鸟莫猜', '沙鸥盟寒', '问讯白殴']
麟阁（丙吉，刘德，刘洵，张安世，杜延年，梁丘贺，萧望之，苏武，赵充国，霍光，韩增，魏相）	['麒麟阁', '画麒麟', '麒麟画', '麒麟殿', '麟阁丹青', '麒麟图画', '麟阁功名', '麟阁勋', '麟阁图形', '图麒麟', '麟阁', '汉家麟阁', '麒麟功', '麟阁像', '冠麒麟', '麒麟台', '麟阁标名', '麒阁', '仪形当汉阁', '高阁图画', '画像仙阁', '麟阁画像', '麒台', '壮麟阁']
壶中（壶公）	['一壶天', '仙壶', '壶中天地', '壶中', '壶中闲日', '一壶', '壶公', '壶中仙客', '玉壶先生', '壶天风月', '仙家碧玉壶', '玉壶观世', '壶里', '壶天不老', '壶天谪', '壶中化国', '壶中永日', '入壶', '玉壶贮天地', '壶天']
绣衣	['绣服', '绣衣']
双凫（王乔）	['凫舄', '王乔舄', '飞凫舄', '双飞凫', '叶县凫', '王乔履', '两凫', '凫仙', '逐凫', '化凫', '翔凫', '双凫', '凫飞叶县', '王凫', '王乔凫舄', '仙人履', '凫集', '双凫飞去', '飞凫', '汉殿凫', '飞凫仙令', '化履', '赤舄飞朝', '飞凫仙子', '借凫', '令宰仙', '蹑凫骑', '王乔西飞', '下履凫', '叶县履', '叶县宰', '飞舄', '凫飞', '凫骑', '凫影', '两玉凫', '履曳凫', '王令', '王乔', '仙凫', '玉凫飞上', '云表飞屐']
柳营（周亚夫，徐厉）	['细柳营', '亚夫营', '如儿戏', '细柳军', '汉将营', '棘门灞上', '柳营', '细柳威', '棘门军', '营门柳', '太尉营', '棘门戏', '细柳旧营', '亚夫细柳营', '灞上儿战', '儿战将军', '汉将儿战', '柳作赢', '细柳豪雄', '亚夫垒', '应夫营', '赢伴将军']
平津（公孙弘，薛泽）	['开东阁', '平津阁', '平津馆', '平津邸', '丞相阁', '孙弘阁', '开黄阁', '平津东阁', '公孙阁', '平津', '孙阁', '东阁留宾', '弘阁', '东阁', '招贤阁', '冬阁', '开阁', '东阁延宾', '开阁伫孙弘', '翘才客', '开阁延贤', '叩阁']
桑田（麻姑）	['蓬莱清浅', '沧海桑田', '桑田变', '桑田沧海', '海扬尘', '蓬莱浅', '蓬莱水浅', '海生桑', '海变桑田', '沧海扬尘', '桑海变', '沧海尘', '东海扬尘', '海变田', '飞黄埃', '海为田', '桑田改', '海生尘', '海水桑田', '桑田成海', '沧海尘飞', '尘飞沧海', '尘扬海', '碧海尘', '东海桑田', '东海栽桑', '海桑陵谷', '桑田清浅', '阅海桑', '碧海红尘', '沧海成尘', '沧海成田', '沧海飞尘', '尘生沧海', '桑田变易', '碧海扬尘', '尘生碧海', '东海生黄埃', '海化田', '海水成尘', '海田枯', '海无三尺水', '河生尘', '蓬海变', '三浅蓬莱', '桑海', '变幻桑田', '渤海桑田', '沧波变陆', '沧海成陆', '扶桑乍几尘', '观海变', '海底翻无水', '海底飞尘', '海底生桑', '海枯成田', '海水三清浅', '海水扬胡尘', '海水栽桑', '海涛浅', '鲸波浅', '巨海枯', '枯桑田', '莱洲频度浅', '蓬岛尘狂', '清水起黄尘', '弱水三浅清', '三度扬尘', '桑亩移', '桑田几兴废', '桑田移碧海', '桑栽海', '世变桑田', '水为尘', '涨海枯', '沧海化黄土', '沧桑', '东海水清浅', '飞尘赴海', '海尘', '海已水干', '河海不栽桑', '洪涛成桑', '鲲海洋尘', '陵变耕海', '蓬海飞尘', '千度桑田', '清浅三变', '桑林没东海', '桑田', '桑栽东海']
蜀魄（杜宇）	['杜鹃啼血', '鹃啼血', '蜀鸟', '泣杜鹃', '杜鹃魂', '古帝魂', '望帝春心', '蜀帝魂', '口流血', '蜀魂', '杜魄', '啼成血', '蜀魄', '蜀天子', '悲蜀帝', '蜀帝王', '子规', '杜魂', '望帝啼鹃', '魂作杜鹃', '望帝愁魂', '杜鹃积恨', '杜宇啼血', '杜宇', '鹃血', '口血', '蜀王遗魄', '蜀王作鸟', '蜀羽怨红啼断', '啼鹃', '啼血', '望帝', '望帝归魂', '昔帝恨', '冤魂化禽']
沧洲	['沧洲', '沧州']
登龙（李膺）	['龙门客', '李门', '登龙客', '李膺门', '元礼门', '登龙', '登龙门', '龙门', '见李膺', '膺门', '御李', '御李君', '得御李君', '李膺客', '登龙宾', '李膺门馆', '龙门主', '登门', '李膺龙门', '无礼许登门']
五湖心（范蠡，勾践）	['五湖船', '五湖舟', '泛五湖', '范蠡舟', '五湖游', '五湖心', '范蠡船', '五湖烟月', '范蠡扁舟', '五湖去', '五湖客', '归五湖', '钓五湖', '五湖范蠡', '范舟', '五湖旧约', '五湖闲', '范蠡泛舟', '少伯舟', '爱五湖', '五湖扁舟', '五湖倦客', '越蠡扁舟', '越相舟', '范生智', '浮家五湖', '陶朱生', '渔舟范蠡', '越相功成去', '越相烟波', '朱公江海去', '扁舟子皮', '五湖悼', '五湖愿', '五湖舟揖']
严陵（严光）	['严子', '严君', '严光', '严家', '严陵', '子陵']
冯唐	['冯唐', '冯唐老', '老郎', '老冯唐', '冯唐已老', '为郎久', '冯唐白首', '冯颠', '冯招', '白首不见招', '冯公老', '冯唐头白', '荐冯唐', '老冯公', '晚似冯公', '白首为郎', '冯唐笑', '浩首悲冯', '郎署二毛']
蝴蝶（庄子）	['蝴蝶梦', '蝴蝶飞', '庄蝶', '庄周梦', '迷蝶', '胡蝶梦', '庄生蝶', '梦中蝴蝶', '庄生梦', '庄叟梦', '庄周梦蝶', '漆园蝶', '南华蝶', '魂蝶', '一枕蘧蘧', '园吏梦', '梦里蝴蝶', '蘧蘧觉', '蝶梦', '蝴蝶', '梦蝶', '梦中飞蝶', '化蝶', '南华春梦', '身世蝶', '栩栩花间蝶', '著枕蘧蘧']
黄金台（燕昭王，郭隗）	['黄金台', '郭隗台', '隗始', '燕昭台', '隗台', '台上黄金', '郭隗金', '始隗', '燕王台', '燕台', '燕昭筑台', '尊隗', '郭隗宫', '郭隗始', '延郭隗', '恩从隗始', '高台黄金', '郭隗尊', '隗在燕', '千金筑台', '郭隗见招', '黄金独名台', '黄金峻', '隗贵重', '隆郭隗礼', '师郭隗', '拥彗']
青鸟（刘彻，西王母）	['青鸟使', '三青鸟', '青鸟信', '青鸾信', '青鸟', '青鸟书', '西来青鸟', '青鸾翼', '传书青鸟', '仙家鸟', '青鸟衔笺', '三鸟', '青雀', '青禽', '小鸟传仙语', '青鸾']
柏台	['台柏', '台乌', '柏署', '柏台', '柏乌', '御史乌', '乌府', '乌府客', '乌台', '御史府中乌', '朝夕乌', '栖乌还得府', '宪乌', '柏林']
鸳鹭	['鸳鹭行', '鹓鹭班', '振鹭行', '鸳鹭群', '鸳鹭', '鸳行', '鹓鹭', '鹓鸾序', '鹓行', '鹓署', '鸳鸶行']
勒燕然（窦宪）	['勒燕然', '燕然石', '铭燕然', '勒燕然铭', '燕然勒石', '燕山石', '铭燕石', '燕山铭', '燕然未勒', '勒燕然石', '燕然功', '燕然颂', '窦宪勒燕然', '勒功', '铭非窦冠军', '铭功', '铭勒燕山', '铭塞外勋', '铭石', '铭崖笔', '岘樊铭', '燕然车骑功', '燕然勒铭', '燕山碑', '刻铭天山', '刻燕然石', '勒勋燕石', '勒燕山石', '铭功燕然', '铭山', '铭勋燕山']
途穷（阮籍）	['穷途哭', '哭途穷', '穷途泪', '泣途穷', '哭穷途', '阮籍途', '泣穷途', '阮途穷', '步兵哭', '穷途恸', '阮籍哭', '阮途', '途穷哭', '哀道穷', '阮籍穷途哭', '阮生恸', '哀途穷', '穷途老阮', '阮籍泪', '阮生车', '途穷', '途穷泣', '步兵泣路', '穷途', '阮公失路', '路穷']
金谷（石崇）	['金谷园', '金谷', '金谷诗', '金谷数', '罚依金谷', '金谷路', '金谷俊游', '金谷佳期', '金谷香销', '金谷重楼']
投笔（班超）	['燕颔', '虎头燕颔', '封侯骨', '封侯相', '燕颔封侯', '投笔', '班笔掷', '班超束书', '掷笔', '安能守笔砚', '定远见弃', '弃笔']
嫦娥（羿，姮娥）	['长生药', '月中人', '孀娥', '偷药', '羿妻', '嫦娥奔月', '恒娥', '药娥', '姮娥寡', '月娥孀独', '奔月成仙', '奔月偶桂', '姱娥', '羿妻窃药', '月中孀', '奔月', '姮娥捣药', '素娥', '月娥孤', '月里人', '伴娥孤另', '常娥', '嫦娥', '姮娥', '后羿寻', '窃药']
嫖姚（霍去病）	['霍嫖姚', '霍将军', '霍骠骑', '嫖姚', '将门胜霍', '献凯惭霍']
东山（谢安）	['东山屐', '东山', '东山意', '东山趣', '东山芳意', '东山捷径']
梅福	['神仙中人', '梅子真', '南昌尉', '梅尉', '梅翁', '神仙道', '神仙尉', '吴市隐', '梅真', '梅福隐', '市门卒', '隐市门', '变名吴市', '吴市仙', '吴门变姓', '梅仙', '沦一尉', '梅少府', '梅生', '梅市门', '梅市隐', '愧梅福', '梅福辞官', '梅福隐吴', '梅家鹤', '梅知解绂', '南昌仙籍', '守市阛', '逃梅福', '吴市高人', '仙伯', '仙人梅', '九江神仙', '梅福', '仙吏', '仙尉', '隐吏', '子真']
悲秋（宋玉，屈原）	['宋玉悲', '宋玉悲秋', '悲秋', '宋玉怨', '悲同楚大夫', '宋玉登山', '宋玉含凄', '宋玉伤怀']
魏阙（公子牟）	['魏阙心', '心魏阙', '忘魏阙', '子牟心', '魏阙', '子牟恋', '心存阙', '恋魏阙', '子牟意', '心居魏阙', '子牟存阙下', '子牟眷魏阙']
赤松（刘邦，张良，王子乔，黄初平）	['松乔', '赤松子', '赤松游', '慕赤松', '赤松期', '赤松去', '追赤松', '从赤松游', '松乔约', '松子', '赤松志', '觅松子', '少傅赤松游', '笑随赤松', '赤松', '乔松']
习家（山简）	['习家池', '高阳侣', '高阳池', '高阳兴', '高阳会', '高阳伴', '习池', '习家', '习家塘', '高阳宴', '习氏宅', '离阳兴']
五斗米（陶潜）	['五斗米', '折腰五斗', '五斗折腰', '五斗粟', '折腰吏', '为米折腰', '折腰为米', '折腰为五斗', '五斗禄', '五斗折', '屈腰', '折腰辱', '元亮折腰', '辞小秩', '腰恒折', '折腰禄', '折腰营口腹', '不事小儿', '低头为米', '督邮束带', '为米负初心', '折为督邮腰', '折腰升斗', '斗粟', '腰折', '渊明五斗米', '渊明未肯低头为米']
远公（释慧远）	['庐山远', '雁门僧', '惠远', '远师', '远公']
貂裘（秦惠王，苏秦）	['黄金尽', '黑貂裘', '季子裘', '貂裘敝', '敝貂裘', '不下机', '季子貂裘', '黑貂裘敝', '貂敝', '黑裘', '弊貂裘', '黑貂敝', '十上', '鸣机妇', '十上劳', '乌貂裘', '下机人', '敝黑貂裘', '季裘', '剩貂裘', '乌裘敝', '妻嫂欺', '敝洛阳', '尘暗旧貂裘', '耻妻嫂', '貂裘', '还家畏嫂轻', '怀书十上秦', '黄金百斤尽', '落魄苏秦', '破却貂裘', '秦貂没', '秦裘', '裘敝金尽', '苏家妇', '苏秦憔悴', '乌裘十上', '皂貂破敝', '敝裘', '敝裘自愧', '惭妻嫂', '典却乌貂裘', '貂裘不畏雪', '貂裘尘满', '风尘黑貂', '季子金尽', '季子贪', '妻嫂笑', '苏秦耻妻嫂', '乌裘入秦', '乌裘滞秦', '行看嫂下机', '应嗔不下机']
洛浦（宓妃，曹植）	['凌波步', '凌波袜', '洛川神', '洛妃', '凌波微步', '赋洛神', '罗袜凌波', '凌波仙子', '凌波罗袜', '罗袜尘', '罗袜生尘', '罗尘', '洛浦凌波', '袜生尘', '甄妃', '步罗袜', '凌波人', '洛灵', '感甄', '洛赋', '生尘袜', '洛浦尘', '洛浦神仙', '洛水妃', '生尘步', '尘生步', '尘生洛浦', '洛媛', '袜生埃', '陈王见罗袜', '思罗袜', '盈盈微步', '子建怜罗袜', '波明洛浦', '步袜江妃', '陈思朝洛', '陈王睹丽', '陈王见袜', '凌波路冷', '罗袜轻尘', '洛川妃子', '洛浦鸿', '洛浦娉婷', '宓妃洛河', '宓妃袜', '弄波素袜', '轻盈洛浦', '神妃袜', '托陈王', '袜罗尘褪', '陈王赋', '春罗袜', '凌波', '罗袜', '洛川遇', '洛浦', '洛神', '洛渚尘步', '宓妃', '宓妃尘袜', '拾翠', '袜尘']
楚狂（孔子，楚狂）	['衰凤', '接舆狂', '凤衰', '楚狂接舆', '接舆歌', '狂接舆', '笑孔丘', '凤兮', '接舆醉', '叹凤', '楚狂', '楚狂醉倒', '楚人凤', '凤歌', '歌凤', '狂歌', '陆通歌凤', '行歌叹凤', '楚狂紫', '葛凤', '接舆', '迷阳']
邵平（召平）	['邵平瓜', '故侯瓜', '东陵瓜', '青门瓜', '东陵侯', '五色瓜', '东门瓜', '东陵五色', '青门种瓜', '青门五色瓜', '青门隐', '种瓜侯', '芸瓜', '东陵子', '东陵故侯', '东陵种瓜', '召平瓜', '傍青门', '邵平瓜圃', '邵平园', '东陵老', '青门故侯', '邵平种', '东陵梦', '隐故侯', '城东瓜', '故侯', '觅故侯', '邵平东陵', '邵生瓜田', '种瓜东门', '卜隐青门', '锄瓜士', '东陵晦迹', '故侯瓜圃', '寂寞种瓜', '卖瓜侯', '邵平不见', '邵平田', '手种瓜圃', '守瓜垄', '无田种瓜', '五色东陵瓜', '种瓜五色', '瓜荒', '瓜垄访故侯', '瓜送东陵', '瓜田故侯', '邵平', '种瓜']
团扇（班婕妤）	['怨秋风', '婕妤怨', '齐纨扇', '手中扇', '悲团扇', '班姬扇', '秋风扇', '班扇', '团扇诗', '怜团扇', '班女扇', '捐扇', '泣团扇', '悲秋扇', '捐箧', '题秋扇', '团扇', '团扇悲秋', '团扇妾', '收团扇', '纨扇题诗', '班姬题扇', '婕妤团扇', '团扇捐', '团扇怨秋风', '班姬月', '班家扇', '班女怨', '悲素扇', '班姬泣', '班姬箧', '班女恨', '裁洁素', '逢秋扇', '感婕妤', '过秋纨扇', '汉姬纨扇', '汉主妃', '婕妤扇', '齐纨怨思', '妾扇', '秋风弃扇', '秋扇', '秋扇留句', '身世如团扇', '团扇悲歌', '团扇三秋怨', '团扇逐秋风', '纨扇曲中秋', '班妾秋扇', '悲婕妤', '宫扇怨秋风', '汉宫圆扇成咏', '托意唯团扇']
金屋（刘彻）	['黄金屋', '金屋']
相如渴（司马相如）	['相如渴', '病相如', '相如病', '文园多病', '多病文园', '相如消渴', '相如病渴', '长卿病', '司马渴', '马卿多病', '多病马卿', '相如渴病', '茂陵卧', '病渴人', '临邛渴', '文园病客', '茂陵多病', '茂陵病', '病损文园', '相如病久', '相如酒渴', '病渴', '马卿带疾', '茂陵无病', '相如渴疾', '消渴']
鼎湖（黄帝）	['鼎湖龙去', '鼎湖龙', '乌号弓', '抱弓', '号弓', '龙举', '抱遗弓', '攀龙髯', '遗弓泪', '鼎湖龙远', '黄帝鼎', '龙髯', '泣龙髯', '鼎湖', '弓堕', '鼎成', '堕乌号', '弓堕龙髯', '龙髯绝', '攀龙须', '轩辕乘龙', '龙髯飞堕', '太息乌号', '铸鼎', '乘龙', '鼎气成龙', '堕地号弓', '龙驾上丹霄', '龙驭', '攀髯', '桥山弓箭', '乌号', '遗弓', '遗剑鼎', '余剑舄']
迁莺	['乔迁', '出谷莺', '莺谷', '莺出谷', '迁乔木', '迁谷', '迁莺', '出谷禽', '迁莺侣', '谷中莺', '迁乔', '莺迁', '娇莺离幽谷', '迁乔乐', '乔木初迁', '出谷迁莺', '谷莺', '山谷迁乔']
骊珠	['骊龙珠', '骊龙颔', '骊宫', '探珠', '骊龙睡', '颔珠', '探龙颔', '骊颔珠', '骊珠', '抱珠睡', '颔下骊珠', '骊龙吐珠', '骊龙颔珠', '龙颔摘明珠', '龙休睡', '睡骊目', '探颔', '宝夺骊龙', '采珠勿惊龙', '苍龙颔底珠', '老龙吐珠', '龙颔摘珠', '窃龙颔', '睡中龙', '偷珠', '珠归龙窟', '采珠', '藏珠', '骊龙', '龙颔', '龙眠失珠', '龙醒遗珠', '衔珠', '遭龙伯睡']
庾楼（庾亮，殷浩）	['庾楼', '兴不浅', '据胡床', '庾公楼', '庾亮楼', '明月南楼', '坐胡床', '老子兴不浅', '南楼老子', '庾亮南楼', '醉倚胡床', '胡床老子', '老子上南楼', '兴不薄', '诸君少住', '胡床待月', '庾令楼', '胡床谈笑', '今古一南楼', '南楼高兴', '延参佐', '胡床邀月', '楼移庾亮', '兴方不浅', '庾公爱月', '庾侯席', '庾监高楼', '月向元规', '胡床', '南楼', '南楼使君', '殷浩赋南楼', '元规爱月', '元规啸咏']
南风（舜）	['舜弦', '虞弦', '薰琴', '解愠风', '南风薰', '咏南风', '南薰曲', '南风琴', '薰风解愠', '南风歌', '虞薰', '南风弦', '南风解愠', '风解愠', '五弦歌', '舜歌南风', '熏弦', '南薰', '薰风', '南风', '熏风', '解愠', '舜琴']
鸣琴（宓子贱）	['不下堂', '宓子贱', '单父琴', '宓贱', '子贱琴', '鸣琴单父', '宓贱琴', '鸣琴', '宓子弹琴', '单父鸣琴', '琴堂', '宓公', '宓生', '弹琴高堂', '流水声中视公事', '鸣琴子贱堂', '单父肘', '鲁宓', '鸣琴化洽', '鸣弦坐', '山县弹琴', '堂上五弦', '小邑弹琴', '子贱歌', '宓侪', '鸣弦', '绮琴化洽', '易俗张琴', '张琴易俗', '子贱堂']
落帽（孟嘉，桓温）	['落帽风', '龙山落帽', '落乌纱', '西风吹帽', '龙山帽', '风落帽', '孟嘉落帽', '龙山客', '落帽人', '孟嘉帽', '吹乌帽', '落帽', '龙山宴', '龙山吹帽', '登高落帽', '龙山佳会', '堕帽', '落帽孟嘉', '龙山胜集', '重阳帽', '吹帽', '惊乌帽', '龙山对孟嘉', '帽受西风', '乌帽任风吹', '参军吹帽', '参军往事', '吹堕白纶巾', '吹帽狂司马', '堕轻帽', '客帽欺风', '老嘉破帽', '龙山置酒', '帽逐秋风', '孟嘉吹帽', '孟嘉狂醉', '山头吹帽', '山头落帽', '损帽', '醉里乌纱', '登高龙山', '惊飙捲乌纱', '南朝狂客帽', '鸟帽落', '破帽惊吹', '破帽恋头', '乌帽风里坠', '乌纱随风', '无帽厌西风']
长沙鵩（贾谊）	['长沙鵩', '鵩鸟赋', '占鵩', '贾鵩', '赋长沙', '栖鵩', '鵩入', '鵩鸟入', '贾谊鵩', '遭鵩鸟', '长沙湿', '鵩如鸮', '见鵩', '叹鵩', '贾鵩悲', '贾生对鵩', '贾生叹鵩', '问鸮', '鸮灾', '服鸟灾', '鵩鸟讳', '鸟伤贾傅', '问鵩灾', '野鸟灭王傅']
邻笛（向秀，吕安，嵇康）	['山阳笛', '邻家笛', '山阳闻笛', '横笛一声', '邻人笛', '山阳赋', '山阳作', '山阳恨', '山阳夜笛', '闻笛赋', '赋山阳', '邻人吹笛', '邻笛', '吕安亡', '山阳旧侣', '山阳怨笛', '山阳宅', '隔江笛', '河里笛', '风悲笛', '为笛声怀旧', '闻笛', '向秀归来', '向子赋', '风笛怆四邻', '落日闻笛']
锦字（苏若兰）	['相思字', '回文锦', '锦纹', '锦字书', '机中锦字', '挑锦字', '锦字回文', '织锦回文', '机上回文', '锦字', '秦川锦', '织锦人', '锦意', '鸳纹', '窦锦', '织锦回文诗', '织锦妻', '灯下锦', '回文', '缄锦字', '锦书', '锦纹织', '锦字梭', '思锦字', '鸳机锦字', '织锦新诗', '裁诗挑锦', '窦闺织妇', '窦家锦字', '红丝织字', '回织别离字', '解织宜名蕙', '锦妇机中字', '锦织回鸾', '锦中文', '秦川窦氏妻', '秦川织锦机', '诗织锦梭', '苏氏锦', '织锦', '寄书织锦', '诗字锦', '璇玑断肠图', '鸳机寄锦']
五侯	['五侯']
弹铗（田文，冯谖）	['食无鱼', '出无车', '食有鱼', '弹长铗', '歌鱼', '长铗归来', '出有车', '歌长铗', '冯驩弹铗', '长铗歌', '弹铗', '吴鱼', '先生弹铗', '弹铗思鱼', '孟尝鱼', '无鱼弹铗', '弹剑', '冯铗', '归来长铗', '归长铗', '叹无车', '冯谖剑', '食鱼心', '长铗依人', '耻弹门下铗', '弹铗无舆', '弹剑作歌', '葛鱼', '驩弹铗', '依人弹铗', '长铗歌弹', '待食鱼', '冯驩', '冯谖有鱼', '剑歌', '剑铗悲歌', '剧弹剑铗', '愧有鱼', '孟尝君黄齑社', '贫铗为谁谭', '食鱼', '倚柱', '长铗', '长铗涩', '长铗忘贫', '长剑归来']
送酒（陶潜，王弘）	['醉菊花', '白衣送酒', '陶令酒', '彭泽酒', '陶潜酒', '醉东篱', '白衣酒', '无钱对菊', '陶家酒', '王弘送酒', '陶潜杯', '送酒', '陶宰酒', '携觞王太守', '渊明把菊', '送酒无人', '渊明醉倒', '渊明风流', '渊明重九', '篱边怅望', '渊明爱重九']
青眼（阮籍）	['青白眼', '青眼高歌', '青眼客', '青盼', '俗眼白', '两眼青', '青眼', '白眼', '眼常白', '青眼士', '眼生白', '阮籍青眼', '生眼白', '眼青', '碧眼', '日向幽人青']
王母（西王母）	['西王母', '瑶池阿母', '王母瑶池', '瑶池王母', '瑶池母', '阿母', '层城阿母', '西海期', '西母', '献桃人', '金母', '王母', '王母降临']
二毛（潘岳）	['潘鬓', '叹二毛', '安仁鬓', '惊鬓发', '潘令鬓', '二毛', '潘年', '潘毛', '白发潘郎', '潘郎白发', '二毛潘岳', '河阳鬓', '潘令老', '潘岳二毛', '安仁鬓早秋', '安仁头白早', '鬓难留黑', '鬓如潘骑省', '愁染潘郎', '河阳镜里丝', '潘岳老', '潘岳双毛', '骑省鬓边华', '素发悲', '白鬓潘岳', '鬓毛惊老', '潘郎秋发', '潘生白发', '潘岳白发', '潘岳白头', '骑省悲秋赋']
聚萤（车胤）	['聚萤', '萤影', '萤烛', '萤灯', '读书萤', '案头萤', '放萤', '萤案', '临书卷', '窗萤', '萤聚', '萤焰', '翠囊', '惜馀光', '囊悬', '对萤', '拾流萤', '拾萤', '车胤囊萤', '照书萤', '借余光', '流萤', '露萤清夜照书卷', '练囊不照', '拾萤读书', '收萤光', '武子窗', '萤窗', '萤光', '照露萤', '读书聚萤', '流萤聚书', '囊萤', '收萤慕车', '戏萤', '胤萤', '萤席', '映书', '照书']
金门（扬雄）	['金马门', '金门', '金马', '玉堂金马']
梁鸿（孟光，梁鸿）	['梁鸿', '举案齐眉', '梁孟', '鸿妻', '孟光贤', '孟光举案', '避地梁鸿', '梁鸿隐', '伯鸾舂', '伯鸾德耀', '孟妇', '德耀嫁梁鸿', '梁鸿同隐', '庑下舂', '梁叟', '孟光案', '孟光眉', '伯鸾志', '梁氏夫妻', '事伯鸾', '齐眉食', '伯鸾携德耀', '伯通隐', '操舂举案', '杵臼得梁鸿', '鸿舂', '孟光意', '伯鸾', '伯鸾寄食', '伯鸾去国', '赁舂', '赁庑', '孟光', '南适梁叟']
仙舟（李膺，郭太）	['神仙侣', '李膺舟', '李仙', '李郭舟', '仙侣同舟', '郭舟', '膺舟', '李膺船', '郭泰舟', '李郭仙', '李郭同舟', '郭泰船', '仙舟', '元礼仙', '登仙郭', '李郭游', '李膺仙', '神仙友', '共载比神仙', '郭去半舟闲', '李郭神仙', '李郭小船', '洛滨仙伯', '人在舟中便是仙', '送别仰神仙', '星棹依元礼', '元礼同舟', '登仙同元礼', '李郭同船', '同舟李膺', '同舟神仙侣', '舟上欲仙', '舟中是仙']
莲府（庾杲之，王俭，萧缅）	['芙蓉幕', '红莲幕', '莲沼', '莲府', '莲花幕', '绿水红莲', '泛芙蓉', '莲花府', '俭府', '泛绿依红', '幕中莲', '幕府莲', '花府', '王俭府', '芙蓉客', '莲幕', '一朵红莲', '庾杲莲', '红莲府', '红莲开幕', '俭池', '俭莲', '绿水宾', '幕府红莲', '红莲幕客', '红莲书记', '依莲泛水', '泛莲幕府', '红莲入幕宾', '绿水池中宾佐', '幕下莲花', '王俭莲幕']
文君（卓文君，卓王孙，司马相如）	['风流地', '琴意', '卓家', '弦心', '琴挑', '弹凤', '凤媒', '琴心', '琴心先许', '动文君', '琴心误', '文君婿', '卓家琴', '锦里琴心', '漫寄心', '琴中凤语', '通琴意', '文君望久', '文君知曲意', '闻琴解佩', '夜扣相如扉', '卓氏', '卓氏琴台', '座上琴心', '琴寄情', '文君', '相如琴心', '相如意蜜', '卓氏寡']
琼树	['琼树', '琼枝']
衡门	['衡门', '衡闱']
献赋（刘彻，司马相如，扬雄，杨得意）	['相如赋', '杨得意', '荐相如', '献甘泉', '问长卿', '献赋', '荐长卿', '献子虚', '杨意', '逢杨意', '相如才调', '无人荐子虚', '荐临邛', '狗监', '狗监说相如', '狗监揄扬', '相如投赋', '遭逢狗监', '赋因杨意', '狗监荐才子', '君王问相如', '投赋', '相如从长杨']
倾城（刘彻，李延年）	['倾城色', '倾国倾城', '绝代佳人', '绝代人', '倾城倾国', '名花倾国', '倾人城', '一顾倾城', '倾城国', '思倾国', '佳人绝世', '倾国风流', '倾城', '倾国', '国自倾', '绝世歌', '延年妹', '倾城目', '绝代北方人', '倾北方', '一顾倾吴', '绝代幽人独立', '倾人情']
黄石（张良，黄石公）	['帝王师', '一编书', '黄石书', '取履', '跪履', '黄石老', '堕履', '师黄石', '圯上书', '圯桥进履', '圯上一编', '黄公略', '谷城公', '谷城公', '黄石履', '黄石传书', '桥边黄石', '圯上一编书', '谷城翁', '圯桥书', '圯上履', '黄石策', '圯上人', '谷城文', '黄石术', '黄公', '黄石', '圯编', '圯桥取履', '传书黄石', '老人书一编', '桥下书曾受', '取履桥', '素书黄石', '为人取履', '文成履', '一编书是帝王师', '一编圯下', '圯桥屦', '圯桥石杳', '圯上家传', '堕屦', '黄石三略', '黄石推贤', '老人桥上迹', '老人书编', '老人遗履', '桥头遗书', '桥下受书', '失却老仙期', '石公', '圯桥履坠', '圯上', '子房取鞋']
范蠡	['范大夫', '相越平吴', '范蠡']
挂冠（逢萌）	['挂衣冠', '挂朝衣', '冠挂', '挂冠', '尘冠挂', '挂冠服', '挂两梁冠', '挂触邪冠', '挂冠裂冕', '挂冠侣', '挂冠贞白', '逢萌解冠', '挂官辞朝', '华阳挂冠']
苏武（刘彻，苏武）	['苏武节', '苏子卿', '苏武牧羊', '羝乳', '白发丹心', '啮雪', '雪窖冰天', '餐毡', '节旄落尽', '苏武归', '牧羝人', '白头苏武', '苏卿持节', '餐毡雪', '啮毡', '苏武窖', '苏武毡', '苏子节', '子卿持节', '海上看羊', '十九年归', '残毡拥雪', '汉节', '看羊属国', '牧羝虽乳', '属国餐毡', '苏武看羊', '雪窖羝羊', '北海朱旄', '餐毛', '啖雪龙庭', '羝乳年', '窖里雪毡', '牧羊臣', '驱羊旧节', '乳羝属国', '塞北驱羊', '属国毡', '苏君', '苏郎卧处', '苏郎有节', '苏卿执', '苏武争禁十九秋', '雪里餐毡', '阴山海上窖群中', '子卿白首', '子卿全汉节', '汉节支持', '牧羊拢漠', '苏卿牧羝', '苏武', '苏武在天山', '握节', '握雪餐', '误了残毡拥雪', '子卿']
织女（武丁，牛郎，织女）	['乌鹊桥', '牵牛织女', '天上佳期', '织女牵牛', '填桥', '乌鹊填', '牛女夕', '鹊填河', '会双星', '织女桥', '痴牛騃女', '喜鹊桥', '牵牛会', '银汉渡', '鹊桥人', '银河灵鹊', '借鹊', '鸟鹊桥', '鹊桥', '鹊桥牛女', '织女', '丹鹊桥', '帝子桥', '飞桥驾鹊', '飞向银河', '耕慵织懒', '河汉星桥', '河鹊填桥', '怜飞鹊', '牛女', '女牛', '七夕女', '泣分河', '桥横鹊', '鹊误仙盟', '天女', '天上弄机人', '星解聚', '星渚桥空', '银河响幽咽', '织女皇姑', '织星桥', '酬鸟鹊', '绛河度牵牛', '灵匹', '牛女鹊桥', '七夕', '桥成鸟鹊', '双星', '天孙', '填成鸟鹊', '填鸟鹊', '星度', '星桥', '野鹊并影', '银河鹊桥']
阮郎（刘晨，阮肇）	['桃源洞', '饭胡麻', '桃花洞口', '刘晨', '阮肇', '桃源梦', '阮刘', '天台约', '天台刘阮', '流水天台', '阮郎', '刘郎', '天台女', '晨肇', '天台花', '刘郎恨', '刘阮入天台', '阮洞', '阮郎迷', '仙洞客', '刘郎路迷', '刘郎迷路', '迷路为花开', '刘晨再到', '刘郎仙苑', '刘阮二郎', '阮家', '阮郎迷路', '阮郎前度', '天台桃径', '香饭胡麻', '花洞鱼艇', '刘郎曾遇', '刘郎应念', '刘阮', '仙源']
汨罗（屈原）	['楚泽魂', '楚魄', '楚臣悲', '灵均泪', '湘水魂', '汨罗魂', '怀沙', '汨罗', '三闾魂', '沈汨', '沈湘人', '投湘浦', '水底魂', '沈楚臣', '楚江沈魄', '孤臣水底魂', '汨罗愁独', '汨罗恨', '屈平魂怨', '屈原沉', '投汩', '投汨', '葬鱼', '葬鱼人', '沈楚泽', '沉楚臣', '沉湘', '楚江沉魂', '三闾沉绝', '三闾自沈', '投汨自沈', '投湘', '湘累']
青云路	['青云路', '青云器', '青云志', '青云人', '青云直上', '青云自致', '飞上青云', '自致青云上', '青云料', '魏雎张禄', '自致青冥上', '青云志应']
龙门	['跳龙门', '高跃龙津', '鱼变', '登龙', '龙门', '为龙', '鱼跃', '登门', '化龙']
济川（傅说，殷高宗）	['济巨川', '巨川舟', '傅舟', '傅说舟', '川上楫', '舟楫', '济川', '巨川才']
宋玉墙（司马相如，宋玉）	['东家女', '东邻女', '东邻子', '窥宋玉', '登墙', '宋玉墙', '宋家东', '窥宋', '窥邻', '宋玉墙头', '宋家邻', '宋玉邻', '宋玉东邻', '宋玉墙东', '施朱施粉', '宋邻', '宋玉东家', '西邻宋', '墙东宋', '窥宋东墙', '登墙女', '东邻妙', '东墙窥宋', '粉墙偷眼觑', '红欹宋玉', '下蔡倡', '楚女窥墙', '邻宋玉', '莫把一分增减', '墙头岑寂', '三年不顾', '三年送目', '宋邻东畔', '西邻公子', '西邻玉', '东墙', '邻墙招', '慕宋', '太赤', '偷窥笑眼', '西邻宋家', '增之太长，减之太短']
涸鳞（庄子）	['西江水', '涸鳞', '涸鲋', '穷辙', '枯鳞', '涸鱼', '辙鲋', '涸辙鱼', '斗升水', '涸辙鲋', '辙中鱼', '辙中鳞', '失水鱼', '贷监河粟', '活枯鱼', '涸辙之鲋', '索枯鱼', '泥辙', '活穷鳞', '肆鳞', '东溟臣', '枯辙', '穷鳞', '守穷辙', '望斗升', '慰穷鳞', '西江润', '辙鲋涸', '辙中枯', '波臣守辙', '槁鲍肆', '涸鳞去辙', '监河贷粟', '借斗水', '渴一泓', '枯鱼', '穷辙鲋', '失水鲋', '挽西江苏涸辙', '委辙', '西江水救鱼', '西来斗水', '煦辙', '辙鲋忧', '庄周贷粟', '斗水', '涸辙', '卧辙']
惠休（汤惠休，鲍照）	['汤公', '休上人', '休师', '汤师', '汤惠休', '汤休', '休公', '惠休']
小山（刘安，王逸）	['小山丛桂', '小山桂', '小山词', '招隐赋', '小山招隐', '小山骚客', '小山幽咏', '小山招', '淮南招隐', '山中桂树', '攀桂枝', '守桂丛', '小山', '小山隐', '桂树隐', '留人桂', '小山桂枝', '桂丛', '桂树留人', '桂树游', '淮南春草赋', '淮南旧桂丛', '淮南幽桂', '淮阳桂', '攀桂', '山能招隐', '山中有桂枝', '小山高赋', '小山志', '丛桂招隐', '桂枝小山传', '小山碧芜春句']
鲛人	['鲛人泪', '鲛泪', '鲛人珠', '鲛丝', '珠有泪', '泣珠', '泪成珠', '卷绡人', '泪绡', '泣珠人', '鲛人织绡', '波泪', '鲛人', '鲛绡', '泪作珠', '泉客泪', '鲛人泣珠', '泉客珠', '洒泪成珠', '海上得绡', '蛟人珠', '鲛工', '蛟女绢', '鲛宫物', '鲛帘', '鲛盘千点', '泪有鲛人', '泣珠报恩', '泉客泣', '冰绡清泪', '鲛人雨泣', '鲛珠', '绡夺烟雾', '玉盘进泪', '珠进泪', '珠泪']
西施（夫差，范蠡，西施）	['馆娃宫', '浣纱人', '采香径', '浣纱石', '馆娃歌舞', '苧罗人', '浣纱神女', '名娃金屋', '吴宫妃', '馆娃', '苧萝', '娃宫', '西施', '浣纱', '西施倾吴', '西子', '香径']
星使（李合）	['星辰动', '使者星', '星车', '星传', '使臣星', '星使', '使星', '驿骑如星', '两星使', '入蜀星', '星使双飞', '星是使', '两使车', '流星汉使尊', '使车星', '星随使者车', '星文动九霄', '星下', '星轺', '一星', '二星', '史兴鞍', '双星', '万里星隋', '星去']
大风歌（刘邦）	['大风歌', '守四方', '海内风', '歌大风', '威加四海', '猛士歌', '大风诗', '大风词', '大风曲', '忆大风', '沛歌风', '大风歌沛邑', '云飞风起', '猛士云飞', '猛士', '沛公大风', '歌风', '歌汉风']
柏梁	['柏梁篇', '柏殿', '柏梁宴', '柏梁', '柏台']
巢由（巢父，许由）	['巢由', '巢许', '巢居子', '巢许窟', '巢由故友', '上流饮牛人', '巢父隐居', '牵犊翁', '牵犊饮上流']
叔夜（嵇康）	['嵇叔夜', '嵇中散', '嵇家', '叔夜', '嵇康']
珠履（黄歇）	['珠履三千', '珠履客', '三千珠履', '珠履三千客', '三千履', '趿珠履', '珠履', '真珠履', '珠为履', '履明珠', '楚客豪华', '春申客屦', '珠成履']
谢家兴（谢安，谢道韫）	['谢雪', '道韫', '咏絮才', '堆盐', '絮因风', '盐絮', '散盐', '撒盐飞絮', '吟絮', '拟盐', '柳絮才高', '道蕴诗', '谢女题诗', '雪里题诗', '谢家飞絮', '谢家轻絮', '谢家兴', '谢庭飞雪', '谢庭诗咏', '盐牵谢女才', '道韫咏雪', '谢庭风韵', '风絮谢娘', '赋雪词', '柳花篇', '柳絮联章', '起风飞柳', '散盐飞絮', '谢家幽赏', '谢女雪飞香', '谢庭飞絮', '谢庭赏', '雪比撒盐', '雪比盐', '雪絮因风', '雪阵春絮乱', '盐絮家风', '咏留飞絮', '缘风絮韫', '道韫清芬', '风絮韫', '赋雪', '拟盐句', '撒盐', '谢家拟絮', '谢女咏雪', '谢氏六出花', '谢庭赏雪', '谢庭吟诗', '谢庭争道絮因风', '雪絮彫章', '雪夜诗成', '咏雪妹']
岘首（羊祜）	['堕泪碑', '岘亭', '羊公碑', '泪碑', '岘山泪', '登临泪', '岘首', '羊公碣', '堕泪碣', '堕泪岘山', '堕泪万家', '登岘', '望岘沾裳']
谢客（谢灵运）	['客儿', '谢客']
卧龙（徐庶，诸葛亮）	['卧南阳', '南阳卧', '卧龙', '诸葛庐', '南阳高卧', '高卧南阳', '龙卧', '龙如诸葛', '草庐无人顾', '葛龙卧', '诸葛号龙']
逝川（孔子）	['逝者如斯', '叹逝川', '阅川', '临长川', '逝川', '逐逝川', '随逝川', '川上逝', '委逝川', '等逝川', '逝水', '似川逝', '逝波', '叹逝', '仲尼在川上', '临川孔尼叹']
河阳（潘岳）	['河阳花', '种桃李', '满城花', '花满县', '河阳令', '河阳一县花', '潘花', '满县花', '河阳满县花', '桃李河阳', '潘令花', '潘县花', '花成县', '潘岳花', '潘岳县', '潘令在河阳', '河阳', '潘令河阳', '种花满县', '花封贤令尹', '花明潘子县', '潘安县', '潘令县中花', '桃李一城春色', '栽花潘令', '栽花潘岳', '花情似河阳', '花县', '花映河阳', '要花满县']
获麟（孔子，鲁哀公）	['吾道穷', '泣麟', '伤麟', '绝麟', '麟绝', '抱麟', '悲麟', '感麟翁', '叹凤嗟麟', '仲尼穷', '西狩麟', '道将穷', '麟获', '获麟', '大野麟', '鲁郊西狩', '麒麟绝句', '麒见处', '麟终', '鲁获麟', '麟笔', '伤麟叹凤', '宣尼袂', '嗟麟泣', '麟凤悲歌', '麟何来哉', '麟穷', '鲁麟绝', '泣麟嗟凤', '泣麟老人', '泣西狩', '伤凤麟', '道穷', '麟非其时', '麟凤', '麟经', '宣尼掩袂', '反袂伤麟']
越吟（庄舄）	['越人吟', '庄舄吟', '越客吟', '越讴', '吟越', '越吟', '庄舄越吟', '舄吟', '越声长苦', '庄舄哀', '庄舄病', '越客音', '病客庄', '病添庄舄', '闻越声', '吟生南越思', '吟同楚执圭', '庄舄泪', '庄舄讴', '庄舄思乡', '楚执圭吟', '思乡庄舄', '思越', '越宾歌', '庄舄悲吟']
蓬蒿（张仲蔚，刘龚）	['长蓬蒿', '张仲蔚', '没蓬蒿', '仲蔚蒿', '蓬蒿', '蒿菜', '仲蔚园', '终岁杜门', '仲蔚庐', '孟公不在兹', '张蔚庐', '蒿莱闭庐', '衡门蒿莱', '依蒿篷', '仲蔚穷居']
青琐	['青琐']
鸿雁（刘彻，苏武）	['传雁', '雁帛', '雁传书', '鸿雁书', '空中书', '上林雁', '传书雁', '天涯芳信', '雁使', '鸿雁北来', '信鸿', '雁足传书', '上林书', '书鸿', '秋鸿春燕', '寄锦书', '寄南飞鸿', '上林消息', '送书雁', '系雁书', '鸿雁', '雁来音信', '云边翼', '断鸿书', '归鸿书', '寄南飞翼', '寄双飞燕', '上林鸿雁', '传帛', '传雁足', '断鸿难倩', '寄书鸿雁', '见雁思乡信', '漫写羊裙', '燕去鸿归', '音书凭过雁', '云间一纸书', '北海雁书', '北雁连书', '归鸿无信', '鸿来雁度', '裂帛待燕鸿', '裂帛附双燕', '南雁传尺素', '南雁惠佳音', '难觅征鸿', '认上林欲下', '上林过雁', '上林书绝', '上苑传书', '书到雁应还', '书归玉塞', '书凭燕翼', '书倩秋鸿', '书因北雁稀', '望飞燕', '系边书', '系书', '系书翠羽', '衔来相思字', '乡书雁少', '雁封', '雁鸿附书', '雁书', '雁足', '音信绝南鸿', '子卿归信', '宾鸿', '帛书', '赤书凭雁', '愁怀逐归鸿', '独雁征书', '断鸿谁倩', '飞燕归信', '归鸿谁寄', '过鸿来燕', '鸿羽芳信', '寄情无雁', '寄书雁来时', '寄书雁翼', '借片鸿', '锦书寄飞翼', '空回春雁', '凭鸿', '塞鸿传书', '塞雁音书', '诗凭燕翼', '书托过鸿', '书无过雁', '书无去鸿', '书系双飞翼', '书雁', '朔燕传书', '苏武逢雁', '微辞寄归雁', '吴鸿传信', '系帛', '雁字', '燕翎寄笺', '弋雁问消息']
东山妓（谢安）	['东山妓', '谢公携妓', '谢妓', '安石妓', '谢家妓', '妓娱安石', '携妓溪山', '谢郎妓', '安石同乐']
康乐（谢灵运）	['谢康乐', '康乐']
弃繻（终军）	['弃繻生', '终军弃繻', '弃繻', '学终军', '终军少', '弃关繻', '弃繻入关', '识旧吏', '折繻', '关门弃繻', '抛繻入关', '弃终繻', '终军', '终童']
王粲（王粲）	['王粲', '仲宣']
绿珠（石崇，绿珠）	['绿珠楼', '坠楼人', '堕楼人', '金谷妓', '坠残红', '金谷堕楼', '金谷堕楼人', '绿珠红粉', '坠楼', '遍索绿珠', '绿珠', '坠楼酬恩']
卫霍（卫青，霍去病）	['卫霍', '霍骠姚', '卫青']
杨朱泣（杨朱）	['杨朱泣', '哭路歧', '杨朱泪', '泣路歧', '亡羊路', '杨朱路', '泣歧', '泣歧路', '嗟歧路', '歧路亡羊', '临歧泣', '临歧泪', '临歧恨', '临歧涕泪', '世间歧路', '杨公叹', '杨子叹', '泣路者', '亡羊多歧', '杨歧泣', '杨朱拭泪', '多泪杨朱', '多歧', '多歧羊', '见路歧', '临歧', '路歧', '歧路', '亡羊', '亡羊路歧', '姓杨足泪', '杨朱哀歧', '怨多歧']
荷衣	['楚服', '荷衣', '荷裳']
金乌	['金鸦', '金乌', '三足乌', '赤鸟', '天上乌', '阳乌', '三足老鸦', '日乌', '三足之鸟', '虾蟆食月', '朱鸟', '日中侣', '阳鸟']
陆沉	['陆沉']
金张（张安世，许广汉，金日磾，史高）	['金张', '金张许史', '金张馆', '七叶貂', '许史家', '许史庐', '七叶汉貂', '七叶貂蝉', '许史', '七叶贵']
瑶池（周穆王，西王母）	['瑶池', '瑶水', '瑶池宴']
潘郎（潘岳）	['潘安仁', '潘郎', '慕潘', '潘岳果', '潘岳貌', '掷果河阳', '掷赠', '貌胜潘', '潘郎貌', '潘令舆', '窥潘掾', '乱果掷行车', '潘安果', '潘果', '潘郎璧', '潘郎车', '潘郎挟弹', '潘郎掷果', '潘仁载果', '潘子貌', '掷安仁', '儿童抛砖', '潘岳', '投潘岳果', '掷果']
商歌（宁戚，齐桓公）	['白石烂', '饭牛歌', '商声讴', '南山白石', '扣角歌', '宁戚歌', '宁戚饭牛', '叩角歌', '宁戚牛', '南山石烂', '白石吟', '扣牛角', '扣角而歌', '击辕歌', '叩牛', '牛下歌', '叹短衣', '歌牛下', '宁牛', '商歌', '东门牛', '短衣扣角', '叩角哀', '扣角', '宁子商歌', '悲牛角', '击角歌', '叩牛歌', '南山戚', '齐歌', '舍牛相齐', '饭牛', '长歌叩辕']
羲和	['羲和']
四愁（张衡）	['青玉案', '锦绣段', '四愁诗', '貂襜褕', '报珠', '平子四愁', '张衡愁', '四愁', '酬锦绣', '平子诗', '张衡四愁', '明珠青玉', '金错赠', '锦绣赠', '吟青案', '报君无玉案', '错刀赠', '金刀绣段', '七字当琼浆', '绣段诒', '遗四愁', '张衡四愁诗', '珠玑兼绣段', '愁心系平子', '每人错刀投', '平子赋愁', '四愁人']
仲宣楼（王粲，刘表）	['仲宣楼', '登楼赋', '赋登楼', '王粲登楼', '王粲楼', '王粲赋', '登楼王粲', '登楚', '仲宣哀', '王粲哀', '粲登楼', '思乡王粲', '王粲南登', '粲公楼', '登临仲宣', '赋异乡', '公子登高赋', '王粲赋归欤', '王生悲异国', '仲宣怀远', '赋因玉阁笔', '王粲殊方泪']
傲羲皇（陶潜，伏羲氏，羲和）	['羲皇上', '北窗风', '傲羲皇', '卧北窗', '北窗眠', '北窗凉', '羲皇人', '北窗高卧', '北窗卧', '羲皇上人', '羲皇以上人', '北窗高枕', '北窗一枕', '陶窗', '卧羲皇', '慕羲皇', '上皇人', '白日羲皇', '羲皇情', '羲皇侣', '傲羲轩', '北窗卧羲皇', '北窗羲皇', '北窗寄傲', '老北窗', '羲皇叟', '宇宙一北窗', '北牖羲皇', '人似上皇', '羲和人', '北窗睡美', '闭门寻羲皇', '风期结陶叟', '高卧偃羲皇', '高枕晤羲皇', '靖节窗风', '笑羲皇', '直到羲皇世', '身致羲皇上', '陶令塌', '陶令羲皇']
九重门	['九重城', '九重门', '君子门九重']
投辖（陈遵）	['陈孟公', '尚书期', '投辖饮', '投车辖', '陈筵', '下重关', '投辖井', '陈遵投辖', '投辖情', '闭门投辖', '投辖', '井投辖', '孟公留', '脱辖', '客投辖', '留客辖', '车辖投井', '关门防客走', '过陈遵饮', '后阁走穷宾', '孟公好客', '孟公辖', '有井留车', '辕车解轮', '陈遵', '陈遵重交', '辖全']
王孙草	['王孙草', '王孙芳草', '王孙春草', '草怨王孙', '王孙何在', '芳草不成归', '王孙寻芳草', '王孙未还']
莫愁	['卢家少妇', '莫愁艇子', '莫愁', '嫁卢']
沮溺（子路，孔子，桀溺，长沮）	['长沮桀溺', '沮溺心', '沮溺耕', '问津', '沮溺', '津难问', '偶沮溺', '耦耕身', '吾非斯人谁与归', '效沮溺', '沮叟', '耦耕', '耦耕夙约', '门长沮', '问津人返', '长沮溺']
谢公（谢灵运）	['谢公', '灵运', '谢守']
二疏（疏受，疏广）	['疏还', '疏去', '二疏', '疏氏', '父子东归', '疏傅', '疏广饯', '东宫二傅', '二疏志', '疏傅不朝', '疏家父子', '疏受意', '早退不如疏', '二疏辞官', '都门饯', '东门帐饮', '汉庭疏', '东门贤父子', '二疏乡里', '二疏还乡', '大疏', '两疏', '殊受辞荣', '疏广']
谷口（郑朴）	['郑子真', '岩耕', '谷口耕', '耕岩', '耕谷口', '谷口子真', '寻谷口', '子真谷口', '谷口躬耕', '躬耕谷口', '谷口', '谷口樵归', '谷口真', '郑生谷', '岩石卧', '郑谷', '谷口郑夫子', '谷口终身隐', '生涯如谷口', '子真矜谷口', '子真', '子真谷口耕']
成蹊（李广）	['桃李无言', '桃李蹊', '桃李成蹊', '桃李不言', '桃李径', '无言桃李', '桃蹊李径', '成蹊桃李', '桃李言', '满蹊桃李', '桃李无情', '李下蹊', '能言桃李', '成蹊', '将军桃李', '李无言', '芳菲不为言', '桃李无蹊', '李径成蹊', '李蹊', '门下成蹊', '蹊为李广', '桃李多言', '桃阴旧蹊', '无语成蹊']
鸱夷子（范蠡）	['鸱夷子', '范子名移', '鸱夷变姓名', '鸱夷一去', '鸱夷子皮', '一舸鸱夷']
步兵（阮籍）	['阮步兵', '步兵厨', '步兵酒', '步兵饮', '步兵校尉', '阮氏酒', '爱酒步兵', '步兵橱', '步兵饮酒', '军厨酒', '嗜酒步兵', '为酒求官', '兵厨', '兵厨佳酿', '步兵', '步兵爱酒', '步兵觞']
倚门（王孙贾）	['门闾望', '倚门', '倚堂门', '慈颜望久']
玉人（卫玠，裴楷）	['玉山行', '驾小车', '对玉山', '行玉山', '玉人', '卫玠车', '映玉山', '玉人车', '裴玉', '逐羊车', '羊车', '卫玠羊车', '璧人车', '乘羊入市', '夫向羊车觅', '聚车看卫玠', '倾城看杀', '看杀', '童子驭车', '卫玠洛阳车', '小羊车', '羊车并载', '玉色映市人', '嬉战羊车', '玉山映人', '看杀玉车人', '羊驾小车']
愚谷（齐桓公）	['愚公谷', '愚谷', '谷名愚', '谷愚', '谷中愚', '谷号愚', '愚公', '栖隐愚公', '愚公住谷']
草玄（扬雄）	['草太玄', '子云玄', '草玄人', '草玄', '白首太玄经', '太玄', '草玄徒', '辛苦作太玄', '白发翻经', '汉阁磷缁', '守玄', '雄文独玄', '子云自守']
獬豸（楚文王）	['獬豸冠', '冠豸', '戴豸', '神羊触', '獬豸触邪', '獬豸威', '簪豸', '触邪', '拔豸', '触豸', '神羊角', '獬豸姿', '獬豸', '豸冠', '豸角']
鹡鸰	['鹡鸰原上', '鹡鸰', '鸰原', '脊令']
君平（严君平，严遵）	['问君平', '君平卜', '蜀平', '成都卜', '严遵', '蜀严', '成都卖卜', '君平卖卜', '严平', '君平帘下', '严扬', '寂寞君平', '帘下君平', '百钱卜肆', '卜肆贫', '蜀中夫子', '严家', '严君卖卜', '百钱问君平', '卜肆成都', '卜肆寂寞', '君平', '君平市隐', '君平说卦', '严君卦', '严君开封']
平阳（刘彻，平阳公主，卫子夫）	['平阳', '平阳第']
鲁连（鲁仲连）	['鲁仲连', '鲁连']
子猷	['子猷']
信陵（魏无忌）	['信陵君', '魏公子', '信陵', '信陵家世', '无忌']
刀州（王浚）	['刀州', '梦刀', '三刀梦', '梦益州', '刀州梦', '三刀入梦', '入梦三刀', '三刀', '刀州入梦', '三刀喜', '益部刀', '刀州昔梦', '三刀得州']
庾信哀（庾信）	['万斛愁', '庾兰成', '庾信哀', '江关词赋', '庾信愁', '兰成词赋', '庾郎愁', '庾信赋', '暮年诗赋', '庾愁', '子山词赋', '兰成憔悴', '庾郎愁赋', '哀庾信', '庾郎憔悴', '子山愁', '子山赋', '萧瑟兰成', '兰成老去', '伤心庾开府', '愁损兰成', '老去兰成', '愁入庾肠', '愁入庾郎句', '愁损庾郎', '空老兰成', '兰成愁悴', '兰成久旅', '庾郎愁绝', '庾生赋', '庾信愁赋', '子山流落', '惆怅庾公', '赋浇愁', '庾鬓斑', '庾郎离绪', '庾郎清愁', '庾郎吟愁赋', '庾信哀赋']
飞将（李广）	['故将军', '飞将军', '汉飞将', '霸陵醉尉', '龙城飞将', '醉尉呵', '李飞将', '醉尉嗔', '飞将', '灞陵夜猎', '龙城守', '灞陵呵夜', '灞陵老将', '灞亭谁畏李将军', '耽酒尉', '犯夜醉归', '呵止故将军', '轻鞭犯夜', '亭逢李广骑', '小尉呵', '夜行触尉', '醉尉', '醉尉怒呵', '灞陵故将军', '困醉尉', '轻鞍犯夜', '亭逢李广', '醉尉呵李广']
五色笔（张协，江淹，郭璞，丘迟）	['五色笔', '五色毫', '江淹笔', '江淹梦', '江毫', '江淹才尽', '江笔', '胸中锦绣', '江锦', '江淹梦笔', '江郎锦', '邱迟锦', '丘迟锦', '梦笔', '才减江淹', '才尽', '彩毫还郭璞', '尺锦才情', '腹内胎生异锦', '景阳锦', '梦淹笔', '蜀锦词华', '文作锦', '彩笔', '残锦', '锦段残', '梦与邱迟', '梦与丘迟', '梦徵残锦', '瑞锦残', '文章腹，千机锦', '一枝色笔还郭璞']
十二楼	['十二楼', '五城十二楼', '十二城', '琼楼十二', '十二玉楼', '玉楼十二', '阆风玄圃', '层城十二楼', '阆风苑', '十二层城', '玉京十二楼', '阆圃', '层城', '昆阆', '阆风', '阆风观', '璚楼十二', '十二宫楼', '曾城', '阆苑', '玄圃殿', '昆山', '昆崙仙山', '五城', '玉楼']
穿杨（养由基）	['百步穿杨', '穿杨叶', '养由', '穿杨箭', '穿杨', '射叶', '杨叶弓', '由弓', '百中难', '楚臣弓', '穿杨的', '惊杨叶', '愧由基', '破叶箭', '杨叶百穿', '杨叶愁', '养基抚弦', '养由弓箭', '养由弦', '由基箭', '由基控繁弱', '百发碎柳', '穿叶', '一叶先穿']
伏波（路博德，马援）	['马伏波', '马将军', '伏波', '马援']
屈原	['楚大夫', '屈大夫', '灵均', '屈平', '屈原', '三闾']
细腰（楚灵王）	['细腰宫', '楚宫腰', '小腰肢', '楚女腰', '细腰', '宫腰细', '楚腰', '楚宫细腰', '楚国纤腰', '楚女纤腰', '宫腰束素', '细腰争舞', '纤腰学楚', '细腰池馆', '宫腰', '腰细']
弦歌（子游，孔子）	['试牛刀', '武城弦歌', '武城弦', '牛刀割鸡', '弦歌宰', '解牛刀', '弦歌', '割鸡手', '牛刀发硎', '武城鸡', '惜牛刀', '牛刀', '牛刀小邑', '武城', '武城割鸡', '武城声', '割鸡', '小邑割鸡']
题桥（司马相如）	['驷马车', '驷马高车', '乘驷马', '题柱客', '驱驷马', '题桥志', '司马题桥', '驷马归', '题桥柱', '相如拥传', '题柱', '相如驷马归', '长卿驷马', '题桥', '乘驷马归', '关门驷马', '含羞入剑关', '长桥题柱', '车骑重归', '骋驺引', '赤车蜀道', '赤车迎相如', '登桥柱题', '剑阁题词', '驷马炫乡关']
封禅草（司马相如）	['封禅书', '茂陵书', '茂陵求', '封禅文', '封禅草', '茂陵客', '长卿书', '给札老相如', '茂陵贫', '留简书', '茂陵书生']
原宪贫（原宪）	['原宪贫', '衣百结', '原宪病', '贫原宪', '原贫', '原思贫', '原思病', '原宪室', '类原宪', '原宪桑枢', '贫非疚', '原宪甘贫', '杖藜裹饭', '原门席']
乘轩（卫懿公）	['鹤乘轩', '乘轩鹤', '轩鹤', '乘轩宠', '卫鹤', '大夫轩', '宠鹤', '鹤乘车', '乘轩', '乘轩卫鹤', '卫人鹤', '懿公轩']
秦镜	['秦镜', '方镜', '照胆镜', '秦台镜', '照胆清', '镜照胆', '秦镜照胆', '秦台破心胆', '见胆明镜', '秦家镜', '秦明镜', '咸阳镜', '肝胆难隐', '照胆']
陈琳（陈琳，曹操）	['愈头风', '陈琳檄', '曹风', '头风痊', '檄愈头风', '陈檄', '琳檄', '头风疾', '陈琳', '陈琳草奏', '陈琳檄书', '头风檄', '孔璋书檄', '曹风愈', '草檄', '孔璋檄书', '头风']
箕颍（尧，许由，巢父）	['箕山颍水', '洗耳翁', '巢由洗耳', '思洗耳', '箕山客', '洗耳溪', '箕颍客', '箕颍', '许由耳', '洗耳', '挂瓢洗耳', '箕山节', '耳本不闻', '南入箕颍', '武仲天下让', '洗耳高人', '有耳莫洗', '箕山高节']
横汾（刘彻）	['秋风客', '秋风辞', '横汾', '济汾', '歌汾水']
飞燕（赵飞燕）	['赵飞燕', '飞燕']
永和（王羲之）	['兰亭会', '兰亭修禊', '山阴会', '兰亭字', '群贤毕集', '山阴游', '永和', '兰亭古墨', '兰亭序饮', '三月群贤毕集', '山阴醉', '禊亭晋帖', '永和节', '长少群贤毕会', '山阴禊饮', '山阴修禊帖', '禊饮']
右军鹅（王羲之）	['山阴道士', '换鹅经', '写鹅经', '黄庭换鹅', '右军鹅', '道士鹅', '鹅经', '换黄庭', '山阴道士鹅', '换群鹅', '博白鹅', '鹅群帖', '换鹅帖', '换经鹅', '惜鹅群', '写经换鹅', '白鹅书', '鹅费羲之墨', '鹅归逸少', '换字鹅', '写黄庭不要鹅', '好鹅寻道士', '换鹅文', '将鹅与右军', '笼归忆右军', '笼随王右军', '内史写黄庭', '山阴书罢', '书邀道士鹅', '换鹅', '黄庭换鹤', '挥翰邀鹅', '挥帖致白鹅', '笼鹅', '觅鹅群', '内史写道经', '书经爱鹅', '书字换鹅', '俗书博白鹅', '写经不惜鹅', '学溪老鹅']
长门	['长门']
王母桃（东方朔，汉武帝）	['王母蟠桃', '王母桃', '千年桃', '王母不来', '王母仙桃', '种桃核', '几度桃实', '千年桃熟', '王母种桃', '阿母种桃', '海中桃熟', '三千年一荐金盘', '一熟一千年', '一子千年见', '华实三度', '王母过汉家', '王母过刘彻', '著子三千岁', '子三千熟']
长缨（终军）	['请长缨', '系虏', '长缨系', '请缨日', '长绳缚', '长缨缚', '问长缨', '终军愤', '持长缨', '请缨', '请缨北阙', '终童志', '挥长缨', '请缨系粤', '长缨', '终军请缨', '吊终军', '南越书生', '请缨手', '系南越', '长缨缚戎主']
文翁	['文翁']
含香	['含鸡舌', '汉署香', '含香', '鸡香', '鸡舌']
悬剑（季札，徐君）	['悬剑', '留树', '剑悬', '季札挂剑', '逢贤把赠', '挂剑坟前', '宝剑悬', '思挂剑', '延陵心', '挂延陵', '留徐剑', '延陵轻宝剑', '把剑觅徐君', '带邱墓', '带丘墓', '留墓剑', '宝剑非所惜', '挂坟松', '挂剑', '挂剑酬知己', '挂徐君剑', '剑挂宰上', '结交期一剑', '留剑', '送剑', '相酬无宝剑', '延州空挂', '遗剑', '把剑觅徐', '宝剑赠君', '解剑', '人情挂剑', '树头千金剑', '信义高吴季', '延陵件', '赠墓剑']
专城	['专城']
东篱（陶潜）	['东篱菊', '陶令菊', '陶潜菊', '渊明菊', '陶菊', '陶篱', '彭泽菊', '篱菊花', '东篱陶令', '篱东菊', '东篱子', '把菊见南山', '篱下先生', '渊明东篱', '东篱', '晋菊', '菊在陶家', '陶元亮菊', '黄花东篱', '菊姓陶', '篱菊', '陶诗黄金实']
鹊南飞（曹操）	['对酒当歌', '乌鹊南飞', '人生几何', '栖不稳', '鹊南飞', '绕枝三匝', '乌鹊绕枝', '绕树难', '绕鹊', '绕疏枝', '南飞惊鹊', '鹊惊', '鹊无枝', '南枝鹊绕', '鹊栖', '鹊绕', '绕树', '绕枝飞鹊', '魏鹊无枝', '惊鹊', '鹊飞', '三绕枝', '三匝']
苍生望（谢安）	['为苍生', '苍生望', '东山卧', '东山起', '东山高卧', '谢公起']
南冠（钟仪）	['操南音', '楚奏', '楚怀', '楚臣冠', '南冠君子', '钟仪囚', '楚囚', '南冠', '南冠相对', '悲歌学楚囚', '楚君子', '楚囚哀', '楚奏哀', '南冠楚囚', '楚地囚', '楚琴悲', '南音', '琴寄南音', '伤楚奏', '忘楚操', '我囚向楚', '钟仪琴', '恋楚', '南冠李戴', '系钟仪', '絷钟仪', '钟仪楚音', '钟仪恋楚', '奏钟仪']
鲍参军（鲍照）	['鲍明远', '鲍参军', '鲍昭', '鲍家诗', '鲍公篇', '鲍照']
管鲍（管仲，鲍叔牙）	['管鲍', '鲍叔知', '知我贫', '叔牙知', '管鲍分金', '管鲍之交', '鲍叔义', '鲍叔深知我', '夷吾鲍叔', '深知在叔牙', '鲍牙知', '忘鲍']
散樗（惠施，庄子）	['散樗', '寿栎', '庄樗', '散栎', '樗栎寿', '山樗', '散材', '樗散', '散木', '樗栎', '樗栎身', '曲辕社', '拥肿', '不才樗', '散才', '樗材', '樗栎之身', '得全社栎', '曲猿树', '臃肿']
怀橘（潘岳，陆绩）	['怀橘', '陆绩怀橘', '陆绩怀', '比橘', '陆绩橘', '陆生言', '陆氏橘', '怀桔', '陆绩孝', '陆与潘', '袖中香味', '红堕双桔', '陆郎承颜']
报恩珠（曹植）	['随珠', '握灵蛇', '蛇珠', '报恩珠', '觅明珠', '灵蛇吐', '握蛇珠', '报恩鳃', '报恩蛇', '隋珠', '抱灵蛇', '汉东珠', '灵蛇', '灵蛇报', '灵蛇满袖', '灵珠报', '明珠吐著', '衔珠', '长蛇', '报恩蛇珠', '隋掌明月', '随侯蛇珠', '随掌夜光']
少微星	['少微星', '处士星', '星绘处士尊']
扬雄宅（扬雄）	['扬雄宅', '子云居', '扬子宅', '扬子业']
第三声	['第三声', '三声猿', '猿三叫', '三峡无猿', '三声断肠', '猿鸣泪沾裳']
豹隐（陶答子，陶荅子妻）	['隐豹', '豹雾', '南山豹', '南山雾', '南山隐', '玄豹隐', '藏雾豹', '豹隐雾', '玄豹姿', '南山雾豹', '豹成文', '豹隐', '雾雨七日', '雾中豹', '山藏豹', '玄豹隐南山', '豹雾隐', '豹隐连山雾', '南山隐云雾', '雾豹', '玄豹情', '养豹烟雨', '隐雾', '豹姿长隐', '雾隐', '雾雨', '雾雨文深', '养豹章', '隐豹愁雨']
夔（伊尹，夔，龙）	['夔龙', '龙夔', '夔乐', '伊夔', '夔', '夔听', '夔相']
云台（邓禹）	['台图', '云台勋', '云台', '云台公', '图画云台', '云台画将', '云台画象', '云阁']
酂侯（刘邦，萧何）	['萧相国', '萧丞相', '萧何', '酂侯', '汉庭萧']
未封侯（李广）	['不封侯', '未封侯', '李广不侯', '猿臂不封侯', '不侯', '李广数奇', '封李广', '李广未封', '叹李广', '数奇', '猿臂数奇', '百战不侯', '猿臂无功', '苦战不侯']
弹冠（王吉，贡禹）	['贡禹冠', '贡公喜', '贡禹弹冠', '贡公弹', '堕贡生贫', '弹冠', '拂尘冠', '弹汉吏冠', '贡公弹冠', '弹巾', '王贡约', '敝冠谭', '尘冠不谭', '贡公叹', '王贡冠']
子云（扬雄）	['扬雄赋', '扬雄才', '子云']
雁行	['雁行', '断行', '鸿雁']
寒灰（韩安国）	['灰死', '不然灰', '灰然', '溺死灰', '起死灰', '复燃灰', '寒灰', '死灰', '灰不然', '死灰不然', '死灰复燃', '寒灰灭', '未然灰', '寒灰复然', '然灰被溺', '田甲当时气', '长孺然灰', '沉灰不然', '待溺余', '寒灰见溺', '灰土已寒', '溺复然灰', '死灰余烟']
罗敷	['东方千骑', '姓秦', '秦罗敷', '秦氏女', '使君有妇', '秦家女', '千骑', '秦氏髻', '罗敷']
星郎	['应星辰', '星郎', '星班', '列宿']
柱史（张苍）	['柱史', '周柱史', '柱下史']
章台（张敞）	['章台路', '走马章台', '章台走马', '风流京兆', '章街', '张敞画眉', '章台', '走马章台路', '便面章台', '京兆画眉', '京兆马', '章台马', '马过章台', '章台系马', '便面章台马', '翠眉谁画', '张郎走马', '便面', '归来便面', '眉妩', '修蛾章台样', '玉马戏走章台下', '章台走画猿']
子虚	['子虚']
庞公	['庞居士', '庞德公', '鹿门庞', '鹿门期', '隐鹿门', '采药名山', '鹿门妻子', '归鹿门', '采药鹿门', '采药不返', '鹿门采药', '城郭休过', '采庞公药', '鹿门', '采药庞公', '从德公', '庞家活计', '偕隐鹿门', '老庞携家', '庞公']
尚平（向长）	['毕婚嫁', '婚嫁毕', '尚子', '向平婚嫁', '女嫁男婚', '了婚嫁', '婚嫁了', '婚嫁累', '毕娶', '富不如贫', '儿婚女嫁', '毕婚姻', '尚平婚嫁毕', '嫁娶毕', '昏嫁了', '女嫁儿婚', '子平婚嫁', '婚娶未毕', '未终婚嫁', '向平事了', '向平约', '一婚倘毕', '追尚子', '子平', '子平嫁娶', '子平窥破', '昏嫁向平', '门容向子过', '尚平', '尚平加累', '十年婚嫁愿', '向平多累']
易水寒（聂政，荆轲，燕丹）	['易水寒', '发冲冠', '易水歌', '易水萧萧', '壮士悲歌', '悲歌击筑', '击筑长歌', '寒风易水', '壮士冲冠发', '易水别', '送客白衣冠', '燕歌易酒', '衣冠此日霜', '长号易水', '壮气惊寒水', '白祫易水', '荆轲悲歌', '易水离魂', '易水离人']
定远（班超）	['班定远', '万里侯', '定远侯', '封侯万里', '万里觅封侯', '封班', '定远']
濠梁（惠施，庄子）	['知鱼乐', '鯈鱼', '临濠', '濠上鱼', '我知鱼', '观濠', '濠梁鱼', '濠上观鱼', '鯈鱼乐', '观鱼濠上', '惠子鱼', '子知鱼', '安见我非鱼', '观鱼', '濠上', '鱼游濠上', '濠上之意', '濠上知鱼', '观鱼惠子', '濠梁招', '为鯈鱼', '鱼乐', '知我知鱼', '非鱼濠上', '观乐', '濠梁', '濠梁遗意', '窥鱼', '游鯈', '知鱼', '子非我，安知我']
一叶	['一叶秋', '一叶', '一叶知秋', '一叶秋风', '一夜惊秋', '一叶鸣秋']
麻姑	['麻姑']
漉酒（陶潜）	['漉酒巾', '渊明漉酒', '巾漉酒', '葛巾漉酒', '漉酒人', '漉陶巾', '漉巾陶令', '漉酒', '漉春酩']
西方社（慧远，宗炳）	['社中人', '社客', '西方社', '宗炳社', '西社', '匡山古社', '莲社', '林中杜', '同社']
画眉（张敞）	['京兆画', '画眉', '京兆双眉', '张敞梳洗', '张尹眉']
蓬山	['蓬阁', '蓬莱阁', '蓬山', '蓬岛']
宣室	['宣室']
棣萼	['棣萼', '棣华', '棠棣']
借寇（寇恂）	['借寇恂', '寇恂留', '借寇', '借河内', '借留', '遮道', '寇恂']
解网（汤）	['开三面', '汤网', '开罗', '网开三面', '开汤网', '开三面网', '夏网', '解网', '解罟师网', '开汤罟', '商王解网', '汤罟', '网罗三面解', '一面施鸟罗', '祝网', '去三面罗', '汤祝飞尽', '网袪三面', '一面开网', '一面施罗', '一面置罗']
无全牛（庖丁）	['有馀地', '无全牛', '游刃有馀', '投刃', '刃有馀', '地有馀', '宰牛', '庖刀', '中肯綮', '目无全牛', '庖丁解牛', '不见全牛', '解全牛', '刃游馀地', '投虚刃', '綮肯', '丁解牛', '解牛', '庖丁投刃', '不目全', '刀解牛', '牛刀投隙', '庖丁', '游刃', '肯綮', '庖丁下刀', '善刀', '释牛刀', '馀刃']
还珠（孟尝）	['合浦珠', '珠还浦', '合浦珠还', '合浦还珠', '来合浦', '还珠', '蚌蛤回', '珠愁主去', '珠浦', '还浦', '合浦名邦风流太守']
雀罗（翟公）	['翟公门', '雀罗门', '一贵一贱', '生死论交', '廷尉门', '翟门', '贵贱交情', '门前雀', '罗雀门庭', '门堪罗雀', '翟公罗', '雀罗张', '无雀可罗', '设罗门', '交态薄', '门可罗雀', '张罗门', '置雀罗', '不署门', '罗雀闲门', '廷尉张罗', '翟公冷落', '交态存', '罗伤翟廷尉', '雀罗', '雀罗廷尉', '雀有罗', '署门书', '闲门罗雀', '有雀尚廷尉', '翟公门外雀罗稀', '翟公悟', '翟市悲', '空门雀罗', '罗雀', '罗雀门冷', '罗网门前有', '门前雀栖', '门前张罗雀', '穷巷张罗', '无雀张罗', '闲门任张罗']
金掌（汉武帝）	['仙人掌', '金茎露', '金盘露', '承露盘', '金掌露', '铜盘露', '仙盘', '金茎玉露', '承露金茎', '仙茎', '露下金茎', '饮花露', '汉帝金茎', '汉宫仙掌', '芙蓉仙掌', '汉宫盘', '露漙金掌', '金茎', '露盘', '武帝金盘', '金掌', '琼屑晨杯', '魏宫铜盘', '汉武盘', '金茎盘', '露掌', '盘概碧霄', '盘露', '铜盘', '仙掌']
登坛（刘邦，萧何，韩信）	['追亡', '无双国士', '登坛', '拜韩信', '萧何追韩信', '筑坛', '宁郁郁久居此', '韩侯将坛', '韩信']
池塘生春草（谢惠连，谢灵运）	['池塘草', '春草池塘', '池塘春草', '池塘梦', '谢家池', '春草梦', '芳草池塘', '芳草梦', '谢池', '池塘生春草', '春草句', '池塘句', '梦草池塘', '梦惠连', '梦中芳草', '谢池草', '忆惠连', '梦春草', '谢家春草', '池塘春草句', '草绿池塘', '春塘草', '谢客池塘', '梦阿连', '生池草', '池塘草绿', '惠连梦', '满塘春草', '诗有神助', '谢池吟', '草池春晓', '池有草', '春草吟笔', '高树变鸣禽', '梦春池', '梦谢塘', '诗塘春草', '谢池诗', '谢家池塘', '谢郎梦', '残梦芳草', '池草', '好句池塘', '梦芳草池塘', '梦通谢惠', '神功', '庭草', '谢堂神语']
中圣（徐邈）	['清圣', '贤人酒', '中圣人', '圣贤中', '清圣浊贤', '徐邈圣', '圣贤酒', '中贤圣', '浊贤清圣', '中圣中贤', '酒无贤圣', '酒圣', '酒贤', '贤圣物', '中圣', '酒号贤人', '问贤圣', '浊酒醉贤人', '樽中圣', '杯中神怪物', '乐圣', '美酒参圣', '瓮贮贤人', '贤圣', '贤圣日中', '徐邈酒仓空', '徐邈酒圣贤', '徐邈中圣贤']
葛洪（葛洪，葛玄）	['葛仙翁', '葛长官', '葛洪', '稚川']
当垆（卓文君，司马相如）	['卓女', '临邛客', '文君酒', '当垆人', '相如涤器', '卓氏垆', '涤器当垆', '典千金裘', '当垆卖酒', '典征裘', '文君取酒金', '卓家垆', '卓女当垆', '酒垆身世', '相如穷', '成都贳酒', '涤器', '混佣保', '临邛沽酒客', '临邛美酒', '临邛问酒垆', '卖车骑', '抛犊裤', '贫卖相如骑', '贳酒成都', '相如裘', '卓氏杯', '当垆', '当垆卓文君', '酒垆风流', '酒浓何暇卓文君', '临邛酒客', '马卿涤器', '文君当炉', '文言当垆', '相如犊鼻裤', '相如垆边', '相如蓬门']
白社	['白社']
连城（秦昭王，蔺相如）	['连城璧', '连城价', '怒发冲冠', '重连城', '冲冠发', '连城玉', '相如璧', '连城贵', '全赵璧', '完璧归赵', '回赵璧', '头碎柱', '赵璧', '抱璧还', '酬赵璧', '能回赵璧', '头与璧俱还', '邯郸玉', '璧终全', '蔺卿全璧', '秦璧归', '碎壁', '先生令赵重', '赵璧犹全', '指图睨柱', '连城', '睨柱吞赢', '秦城未易', '全璧', '入贡全璧']
瑶台	['十二瑶台', '昆台', '瑶台', '瑶阙']
卧袁安（袁安）	['闭门高卧', '袁安卧雪', '卧袁安', '袁安高卧', '袁安僵卧', '僵卧袁安', '洛阳高卧', '袁户', '袁门闭', '冻卧袁安', '扃门卧', '穷檐高卧', '袁安爱晴早', '袁扉掩', '袁生闭门', '高卧过冬', '积雪卧园', '袁安闭关', '袁安穷巷', '袁生掩扉']
烂柯（王质）	['烂柯人', '斧柯烂', '樵柯', '柯斧', '烂斧柯', '烂柯棋', '樵柯烂', '烂柯', '烂柯仙子', '烂樵斧', '樵柯烂尽', '王质观棋', '采樵', '苍枰烂斧', '观棋', '光阴未抵一先棋', '看棋', '柯烂', '柯烂忘归', '柯山棋局', '樵夫看棋', '逢仙柯朽', '观棋烂河', '看局', '看棋逢神仙', '柯催', '柯山', '柯山菊', '柯云罢奕', '棋终烂柯', '樵斧', '石室棋半局']
知音	['知音']
吊屈（贾谊，屈原）	['吊屈', '吊屈原', '吊灵均', '吊三闾', '吊长沙', '吊沅湘', '投湘赋', '吊沉湘', '吊楚臣', '吊湘魂', '吊骚魂', '奠楚魂', '诗吊汨罗魂']
泛梗（苏秦）	['蓬梗', '浮梗', '漂梗', '飘梗', '梗泛', '悲梗', '泛梗', '漂流木偶', '土偶桃人', '断梗疏萍', '桃梗泛', '为梗', '断梗', '萍梗', '士偶桃梗', '土偶', '土偶漂流']
龙竹（费长房）	['投杖', '葛陂龙', '竹笼', '龙杖', '龙竹', '杖化龙', '壶公龙', '裁寒竹', '龙化葛陂', '投葛陂', '乘竹杖', '葛陂', '葛陂筇竹', '化龙筇', '剪成龙', '龙材', '投陂竹', '掷杖成龙', '竹杖成龙', '别杖', '葛陂骑竹', '葛水还杖', '葛水龙变', '化龙', '仙翁竹杖', '竹杖']
著鞭（祖逖）	['祖生鞭', '祖生先', '祖逖鞭', '施鞭', '祖鞭', '鞭先著', '著祖生鞭', '祖鞭先著', '祖生先著鞭', '先鞭', '著鞭', '后施鞭', '下鞭', '祖逖后施鞭', '先我鞭', '争雄鞭', '祖逖先鞭']
披云（乐广，卫瓘）	['披云雾', '睹青天', '乐云', '披云', '披雾', '披云睹青天', '雾一披', '乐广披云', '乐广云', '乐令天']
依刘（王粲，刘表）	['依刘表', '王粲依人', '荆州座上', '事刘', '依刘']
洪炉	['大炉', '天地炉', '洪炉']
精卫	['精卫填海', '填沧海', '含石', '精卫衔石', '精卫恨', '衔木石', '衔木', '精卫苦', '禽填海', '化精卫', '填海心', '帝女灵', '填瀚海', '碧海乾', '帝女填', '魂化精卫', '精卫衔芦', '填海精卫', '衔石冤禽', '沧海鸟', '沈冤鸟口', '帝子衔冤', '费木石', '精卫怒', '口衔山石', '禽海填', '填渤澥', '投石填海', '衔木鸟', '衔石', '衔土怨', '帝女衔石', '精卫', '女娃东海', '石填大海', '填海', '心平海', '冤禽']
祢衡	['祢生', '祢处士', '祢先生', '祢贤', '祢笔', '祢衡']
玉山颓（嵇康）	['玉山颓', '玉山倒', '颓玉', '玉山自倒', '颓玉山', '玉山醉', '玉山未倒', '山颓玉', '玉颓', '醉玉颓山', '扶玉山', '扶起瑶山', '拍手笑颓山', '倒玉', '玉山催倒']
黄绶	['黄绶']
客星（严光）	['客星', '加帝腹', '足加帝腹', '犯帝坐', '钓濑客星', '犯星夜', '汉光腹', '骄同卧', '踏帝腹', '御榻星辰动', '足加刘公腹', '足加天子腹', '足磨汉榻', '共卧加腹', '星辰凌帝坐']
独醒（屈原）	['独醒人', '屈原醒', '孤醒', '众醉独醒', '众客醉', '大夫醒', '独醒', '独醒屈子', '灵均不醉', '灵均独醒', '楚老独醒', '异醒醉', '醒人']
麋鹿群（伯夷）	['麋鹿群', '麋鹿性', '友麋鹿', '麋鹿姿', '随麋鹿', '同麋鹿', '与麋鹿群', '麋鹿游', '托麋鹿群']
梁园（刘武）	['梁王苑', '梁园', '梁苑', '梁王兔苑', '兔园', '兔苑']
临池（张芝）	['临池学书', '墨成池', '临池', '池尽墨', '池上学', '墨池', '张芝圣', '池边写字', '墨沼', '洗墨无池', '池水含墨', '临池尽墨', '伊池墨']
云中鸡犬（刘安）	['云中鸡犬', '鸡鸣犬吠', '淮南鸡犬', '鸡犬云中', '仙家鸡犬', '刘安鸡犬', '云间鸡犬', '犬吠白云', '鸡犬升天', '淮南犬', '淮王鸡犬', '鸡犬飞升', '鸡犬入云', '鸡犬云间', '刘安宅', '犬吠白云间', '淮王宅', '舐丹鸡犬', '淮南举', '鸡犬神仙', '举家飞升', '刘安升', '犬入五云', '瀛洲鸡犬', '拔宅淮王', '飞鸡犬', '淮南鸡舐药', '鸡犬碍云关', '鸡犬不留残', '鸡犬登天', '鸡犬刘安', '鸡犬上层城', '鸡犬偷仙药', '犬影入云', '舐药鼎', '药沾鸡犬', '鸡犬不将去', '鸡犬登仙', '问鸡犬']
五丁	['五丁开', '五丁凿', '壮士死', '五丁', '五丁愁', '五丁开道', '五丁力尽', '开山力士', '地崩山摧', '金牛假道', '金牛', '五丁开险']
骏骨（燕昭王，郭隗）	['市骏', '千金市骏', '千金骨', '市骏骨', '市骨', '收骏骨', '买骨', '骏骨千金', '燕台骏', '买骏骨', '千金市骨', '千里骨', '燕昭市骏', '燕王市骏', '筑台市骏', '贵骏骨', '骏骨', '买骨金台', '千金何足惜', '售骨', '燕王买骏', '燕市骏骨', '燕市死骨', '昭王买骏', '白骨千金', '郭隗无骏', '捐金买骨', '马骨', '买骏', '市白骨', '死骨掷燕隗', '燕马换金', '燕昭怜马', '燕昭求骏']
焦尾（蔡邕）	['爨桐', '焦琴', '爨下焦', '入爨', '爨琴', '爨下馀', '蔡邕琴', '爨下声', '薪馀', '桐尾', '焦桐', '焦尾', '桐遇知音', '尾半焦', '暗辨桐声', '炊爨得琴材', '爨馀材', '带火焦桐', '焦梧桐', '怜焦尾', '桐薪鸣灶', '翠桐入爨', '琴得焦桐']
击壤（尧，舜）	['击壤歌', '知帝力', '歌击壤', '尧民击壤', '击壤讴', '击壤乐', '尧舜力', '击壤情', '颂虞唐', '击壤', '天子力', '击壤世', '歌帝尧', '壤歌', '出而作入而息', '帝力', '葛帝力', '咏陶唐']
石渠	['石渠', '石阁']
金马客（东方朔）	['金马客', '金门客', '金门隐', '待诏金门', '大隐金门', '避世金门', '避世金马门', '金马梦', '东方避世', '金马避世', '金马朔', '金门遗世', '吏隐', '陆沈']
青蝇	['蝇点', '白璧青蝇', '点青蝇', '青蝇', '青蝇营营', '营蝇', '谤起营蝇', '苍蝇', '苍蝇间白黑', '点蝇蚊', '青蝇点污', '青蝇乱白黑', '玷白苍蝇', '青蝇相点']
移文（周颙，孔稚圭）	['北山文', '北山移', '抗尘容', '北山移文', '负烟霞', '移文诮', '山林嘲', '山灵勒', '勒回俗驾', '山灵勒驾', '起钟山笑', '山鬼移文', '山灵俗驾回', '山英扫迹', '俗士驾回', '席次眉轩', '移文']
安期（安期生）	['安期生', '安期']
石桥（秦始皇）	['驱石', '秦桥', '鞭血', '祖龙鞭', '秦王鞭', '石桥东望', '鞭桥', '东海桥', '秦帝桥', '鞭山驱石', '秦皇鞭鬼鞭', '秦皇架石桥', '秦王树石桥', '石桥', '鞭石', '秦皇驱峰', '秦皇驱山', '秦王构石', '驱石到海', '驱石架津', '祖龙不成桥', '祖龙浮海']
分阃	['分阃', '画阃', '阃外', '推毂', '阃毂犹推']
倚天剑	['倚天长剑', '长剑倚', '倚天剑', '倚长剑', '长剑倚天', '天外倚', '长剑倚天外', '剑倚青天', '长剑倚太行', '耿长剑', '长剑倚昆崙', '碧天长剑', '倚剑', '倚剑凌空', '倚剑气凌云', '倚刃', '长剑倚青空']
侯嬴	['夷门抱关', '抱关', '夷门', '侯生', '侯嬴', '侯嬴一言', '监门']
趋庭（孔子，孔鲤，陈亢）	['鲤庭', '孔庭', '过庭训', '鲤趋', '鲤也', '趋庭', '庭鲤', '过庭语', '过庭', '孔鲤趋庭']
木奴（孙休，李衡）	['千头橘', '橘千头', '橘里', '千树橘', '橘州', '橘奴', '木奴千树', '千木奴', '江陵橘', '木奴', '江头橘', '李衡奴', '千头木奴', '橘为奴', '奴橘', '黄柑千树', '江橘千头', '江陵种橘', '橘封千户', '橘黄千树', '橘树当家僮', '木奴橘', '千树封侯', '山中奴婢', '仙童带橘香', '洲中奴', '千橘江陵', '千奴', '千头', '栽黄橘', '栽桔防贫', '栽橘防贫', '种橘圆林']
白眉（马良）	['白眉', '白眉郎', '白眉人', '良眉', '白眉公子', '马良白眉', '马良并秀', '季常', '眉白']
陵谷	['陵谷变', '陵迁谷变', '陵谷改', '谷变陵迁', '陵谷迁变', '高岸如谷', '陵谷']
祢衡挝（孔融，曹操，祢衡）	['渔阳掺', '祢衡刺', '祢刺', '狂处士', '祢衡挝', '祢生刺', '渔阳掺挝', '渔阳操', '祢衡怀刺', '祢狂', '袖中漫刺', '正平挝', '掺鼓雷', '掺鼓渔阳', '掺渔阳挝', '猖狂似祢衡', '怀刺', '击狂节', '祢衡击鼓', '祢生谩骂', '投刺', '一刺空磨', '怀刺示孔融', '怀中字灭', '祢衡槌鼓', '祢生狂夫', '渔阳参挝', '掷槌']
玉京	['白玉京', '朝玉京', '玉京游', '玉京人', '玉京路', '玉京']
甑生尘（范冉）	['甑生尘', '甑尘', '尘甑', '鱼釜', '甑有尘', '釜中鱼', '釜生鱼', '莱芜甑', '尘生甑', '生尘甑', '范甑', '釜甑生尘', '甑生埃', '范丹贫', '范甑尘', '尘埃满甑', '尘鱼甑釜', '破釜跃江鱼', '鱼生空釜', '釜鱼甑尘', '甑尘斧鱼']
渥洼种	['渥洼种']
金诺（季布，曹丘生）	['千金诺', '一诺千金', '重一言', '千金一诺', '季布诺', '黄金诺', '曹邱生', '曹丘生', '百金诺', '季布一言', '季布金', '季布重然诺', '然诺重黄金', '千钧诺', '无二诺', '金诺', '千金比然诺', '然诺', '一诺', '一诺黄金信', '一诺轻黄金', '得诺轻季子', '一诺匪轻']
风驭（列禦寇）	['驭气', '列子御风', '泠然御风', '列御寇', '御风列', '列子御', '御泠然', '驭风仙', '列子乘风', '御寇风', '风驭', '乘风', '列子车', '御风客', '驭风', '列生御风', '列御风', '御风', '列御至', '仙寇']
梁苑客（刘武，司马相如，邹阳，枚乘）	['梁园赋', '梁园客', '梁苑客', '梁园宾客', '梁苑雪', '雪满梁园', '延枚叟', '梁园赋雪', '延枚', '召邹生', '末至客', '草赋梁园', '高会梁园', '梁园密雪', '梁园霰', '梁苑邹枚', '兔苑宾', '梁王会', '梁王雪下', '授简', '兔园旧赏', '赋雪', '兔园留寒', '相如逞才', '相如游梁', '雪销酒尽']
文姬（蔡琰，蔡邕，曹操）	['蔡琰', '蔡文姬', '蔡女', '中郎有女', '蔡女胡笳', '蔡女没胡', '魏公嫁文姬', '文姬']
金兰	['结金兰', '金兰之好', '金兰', '断金', '金兰好', '同心断金', '同心']
桃叶（桃叶，王子敬，王献之）	['桃叶', '桃叶新声']
缩地（费长房）	['缩地', '长房术', '地难缩', '缩地仙', '缩地符', '缩地无方', '长房缩地术', '地能缩', '缩却地', '缩山川', '缩地树']
骅骝	['骅骝']
石崇	['石季伦', '石崇家', '石家', '石崇', '石氏']
刀头（任立政，李陵）	['大刀头', '唱刀环', '破镜飞', '折大刀', '飞明镜', '问刀头', '飞破镜', '大刀折', '望刀头', '梦刀头', '视刀环', '刀环约', '盼刀环', '咏大刀', '赋刀环', '梦刀环', '刀环视', '刀头', '破镜刀环', '刀环', '刀环泣', '刀头飞镜', '寄刀环', '寄刀头', '解刀环', '雪窖刀环', '刀环泪', '刀环有约', '明月揽刀环']
劫灰（刘彻）	['劫火烧', '昆明劫', '昆明灰', '劫后灰', '昆明劫灰', '昆池灰', '池灰', '劫沙', '胡僧识', '劫灰', '寒灰劫尽', '劫灰池', '劫未成灰', '昆池劫墨', '辨沈灰', '灰劫昆明', '劫尘', '劫石成灰', '昆池劫灰', '昆明事', '池辨烧灰', '黑土成灰', '灰劫', '劫火', '昆明出劫']
日车（羲和）	['羲车', '回日驭', '羲和辔', '羲和驾', '羲和车', '朱羲', '羲和驭日', '驻羲和', '日车', '鞭日', '驱日月', '鞭挞日月', '羲和日驭', '羲和辀', '鞭白日', '日御', '日驭', '羲和轮', '羲和乌', '羲和失鞭', '羲轮', '羲驭']
过隙	['隙驷', '白驹催', '过隙', '白驹留', '白驹过隙', '驻隙', '隙驹', '白驹隙光']
月桂	['月中桂', '蟾宫桂', '月中丹桂', '广寒丹桂', '蟾宫树', '月桂', '桂轮', '桂树', '一轮秋桂', '月殿游', '桂花', '桂华', '桂魄', '月中倒影', '桂影', '桂枝']
大隐	['大隐', '小隐']
蟾	['蟾钩', '蟾蜍', '蟾', '蟾光', '蟾魄', '蟾兔']
六印（苏秦）	['黄金印', '季子金', '苏印', '苏秦印', '六印悬', '苏秦六印', '苏子印', '佩印归', '苏秦六国', '季子多金', '苏秦富贵', '苏秦佩印归', '何用多金', '季子金多', '金印六国', '六国都丞相', '六印', '佩印', '苏公悬印', '苏卿印']
倒屣（王粲，蔡邕）	['倒屣迎', '倒屐', '倒屣相迎', '倒屣', '倒迎门屣', '蔡邕许', '中郎许仲宣', '倒凫舄', '倒屟', '迎君倒屣']
书空（殷浩）	['咄咄书空', '书咄咄', '书空咄咄', '空咄咄', '画空', '咄咄怪事', '咄咄书', '向空书咄咄', '书空', '怪事咄咄', '空中咄咄', '咄咄', '嗟咄咄', '书怪事', '诧咄咄', '浩书空咄', '书空独语', '殷浩吟', '咄咄书字', '咄咄自岭', '殷郎咄咄']
遏云（秦青，薛谭）	['遏行云', '秦青', '秦讴', '遏云歌', '响遏行云', '云不度', '驻行云', '行云驻', '云不去', '入行云', '遏彩云', '云欲断', '遏流云', '绕行云', '飞云驻', '留住行云', '穿云衢', '歌管停云', '声入青云', '不放行云飞过', '唱歌云欲聚', '遏云', '遏云妙响', '歌莫放行云', '歌入青云', '歌声遏断', '留云歌', '清唱云不去', '响遏珠尘', '一曲清歌留住半窗云', '一声珠唱驻行云', '云绕扇', '云为歌声不忍行', '歌云', '林木激越', '林木馀声', '清歌驻云', '声拂行云', '声绕碧山晚云留', '声振林杪', '听歌云断', '云表歌云遏', '云定', '驻云']
傅野（傅说，武丁）	['傅野', '高宗梦', '傅说梦', '梦傅野', '岩前叟', '梦卜庸相']
阮籍	['阮嗣宗', '阮籍']
长安日（司马昭）	['长安日', '长安近', '长安远', '长安不见', '举头见月', '长安在日边', '日远长安近', '知日近', '长安远于日', '举头见长安', '日下长安近', '出门望长安', '对日', '日易见长安难到', '日远长安远', '举头见日，不见长安', '日近长安近']
刘伶（刘伶）	['刘伶醉', '刘伶好酒', '伯伦', '刘伶']
萧曹	['萧曹']
北海尊（孔融）	['北海樽', '北海尊', '酒不空', '坐上客', '北海酒', '尊开北海', '北海觞', '怀北海', '开尊北海', '融尊', '文举酒', '孔融樽', '师北海', '尊酒不空', '尊倾北海', '孔融尊', '融酒', '文举坐', '常满坐中客', '孔融满座', '满座空尊', '樽空忧', '座上北海', '孔融开樽', '孔融怜才', '孔坐多绿醽', '文举荐贤', '樽开孔融']
谏猎（扬雄）	['谏猎', '陈羽猎']
萱草	['忘忧草', '萱草', '忘忧', '忘忧芳草']
梁尘（虞公）	['梁尘飞', '画梁尘', '梁尘落', '绕梁尘', '飞梁尘', '梁尘惊', '歌动梁尘', '避梁尘', '歌尘', '唱梁尘', '尘落', '动梁埃', '飞尘', '梁尘霏霏', '梁州声歇', '清歌落范尘', '听歌梁上动', '薄梁尘', '尘起', '尘起歌终', '歌筵尘', '歌筵起尘', '歌扬尘', '画梁尘起', '梁尘', '梁绕飞尘', '梁上动', '梁下轻尘', '清歌梁尘', '轻尘落雕梁', '闻歌自飞', '一声尘落']
韩寿（贾充，贾午，韩寿）	['熏衣', '韩寿', '窃香', '惹香', '满城香', '韩香', '韩寿香', '贾女香', '窥韩', '著人香', '遗寿', '贾充香', '韩寿偷香', '韩掾偷香', '偷香人', '外国香', '爱香韩寿', '韩令偷香', '韩寿沈', '韩寿窃香', '韩寿畏香飞', '贾袖传香', '偷香', '偷香掾', '香传贾娘', '香销韩袖', '薰香', '贾阁偷香', '贾娘', '贾女', '贾氏窥帘', '香寄窥帘', '异香寄寿']
贾生泪（贾谊）	['三太息', '痛哭书', '贾生恸', '贾谊上书', '贾生哭', '贾生泪', '贾谊哭', '泣长沙', '汉庭哭', '贾生垂涕', '伤时哭', '少年太息', '时事堪痛哭', '太傅涕空挥', '贾傅长沙哭', '贾生垂泪', '贾谊陈策']
逐鹿（蒯通）	['中原逐鹿', '逐鹿中原', '秦失鹿', '逐中原鹿', '亡鹿', '中原无鹿', '逐鹿', '鹿失嬴秦', '失鹿狂秦', '失鹿年', '鹿走山三', '秦鹿', '失鹿']
鹤氅	['鹤氅']
千日醉（刘玄石）	['千日酒', '千日醉', '中山酒', '中山千日', '千日酿', '千日饮', '中山醉', '一醉三年', '中山春', '千日卧', '酒沽千日', '玄石饮', '一醉千日醒', '醉酒一千日', '醉日论千', '玄石葬荒邱', '玄石葬荒丘', '中山曲米春', '醉一千日']
盐车（汗明，伯乐）	['服盐车', '困盐车', '负盐', '骥伏盐车', '困骥', '盐车', '盐车厄', '盐坂', '汗血盐车', '老盐车', '牵盐', '嘶盐', '盐车病骥', '盐车骖', '困坂', '泪尽太行', '驱盐车', '叹息良马', '盐阪', '盐车劳', '盐辎', '孙阳怜瘦骨', '盐车汗', '盐车绝足', '重耳盐车']
曳裾（邹阳）	['曳长裾', '长裾曳', '曳裾王门', '曳裾', '王门曳裾']
买赋（刘彻，司马相如，陈皇后）	['长门赋', '千金赋', '蜀赋', '长门闭', '换黄金', '长门买赋', '辞金屋', '黄金买赋', '闭长门', '黄金买词赋', '千金买赋', '守长门', '长门深闭', '长门事', '长门尽日', '换笑', '冷落长门', '倚长门', '长门心', '闭阿娇', '长门泣', '百斤买赋', '词赋得黄金', '赋换黄金', '汉殿长门', '临邛卖赋郎', '买词人赋', '买赋', '买新赋', '能赋受黄金', '千金求赋', '寿相如', '苔没长门', '文园词赋', '长门不惜金', '长门宫里人', '长门离恨', '长门望幸心', '长门夜悄', '词金阙', '黄金达相如', '金屋赋', '买赋临邛', '无金买赋', '长门费万金', '长门每人']
陶令醉（陶潜）	['陶令醉', '陶潜醉']
河源（张骞）	['河源', '寻源', '寻河']
为霖（傅说，殷高宗）	['作霖雨', '为霖', '霖雨', '作霖']
天骄	['天骄', '骄子']
偷桃（东方朔）	['三偷', '曼倩偷', '窃桃', '摘桃', '方朔偷', '方朔桃', '窃桃儿', '曼倩三偷', '三度窃蟠桃', '玉桃偷', '东方朔偷桃', '防曼倩', '曼桃', '碧桃闲', '方朔偷儿', '汉偷儿', '窃桃心', '三桃圆', '偷取蟠桃', '偷桃', '偷桃客', '西真攘桃', '曼倩偷难', '桃熟']
飞锡	['飞锡']
公干（刘桢）	['刘公干', '公干', '刘桢']
鸡黍（张劭，范式）	['具鸡黍', '鸡黍约', '范张', '杀鸡为黍', '鸡黍期', '范张鸡黍', '幽明永隔', '千里论交', '鸡黍恨', '白马故人', '鸡黍', '巨卿哭', '升堂他日约', '素车', '张范风流', '张范善终始', '白马悲宋', '炊黍期张', '死结生交', '死梦寻范式', '元伯巨卿千里从', '元伯相葬', '张范通梦', '只鸡平生约']
凤诏（石虎）	['凤衔书', '凤衔丹诏', '紫凤衔书', '凤诏', '凤衔诏', '凤凰飞诏']
褰帷	['褰帷']
方朔（东方朔）	['东方朔', '曼倩', '臣朔', '方朔']
西园（曹丕）	['西园飞盖', '飞盖西园', '西园盖', '西园', '飞盖相从', '飞盖南园']
羊公（羊祜）	['羊公', '羊祜']
斩楼兰（刘彻）	['斩楼兰', '刺楼兰', '破楼兰', '都护楼兰返', '返楼兰']
暗投（邹阳）	['明珠暗投', '明月暗投', '暗投', '夜光暗投', '隋珠暗投', '白璧暗投', '悲暗投', '按剑', '珠怯再投', '明月非所投', '千金暗投', '投珠见疑', '珠怯再投明']
右军（王羲之）	['王右军', '王内史', '右军', '羲之']
梁甫（诸葛亮）	['梁父吟', '梁甫吟', '吟梁甫', '蜀相吟', '武侯吟', '梁甫']
隐侯（沈约，鲍照）	['沈休文', '沈隐侯', '沈侯', '隐侯', '沈约', '休文']
箫韶	['虞韶', '韶凤', '箫韶', '韶乐', '舜调清管', '舜韶', '韶音']
明妃（王昭君）	['昭君怨', '明妃', '昭君']
南浦（江淹）	['送君南浦', '送人南浦', '凄凉南浦', '秋风南浦', '别君南浦', '断肠南浦', '江淹浦', '南浦', '南浦泣', '别恨抛深浦', '恨迷南浦', '南浦歌阑', '南浦消魂', '别浦']
黄绢（曹操，杨修，杨脩，曹娥，曹盱）	['绝妙辞', '齑臼', '曹娥碑', '幼妇碑', '黄绢辞', '绝妙好辞', '外孙齑臼', '黄绢字', '幼妇篇', '黄绢句', '曹家碑', '曹盱', '色丝文', '黄绢', '丰碑黄绢', '黄绢寻碑', '齑臼碑', '绝妙孙辛妇', '名映色丝', '色丝', '杨修见幼妇', '曹娥', '妇幼碑', '黄绢祠', '幼妇', '幼妇祠']
八骏（周穆王，西王母）	['绿耳', '穆王八骏', '周王八骏', '八骏马', '瑶池八骏', '八骏蹄', '八骏', '穆驭', '周王八马', '八骏驹', '姬满骏', '芝田八骏', '追穆后', '八马', '西征瑶池', '巡瑶水']
骑省（潘岳）	['潘骑省', '潘省', '散骑省', '安仁省', '骑省', '潘生骖阁', '潘安寓直', '散骑云阁']
鼓瑟（女英，娥皇，舜）	['湘灵鼓瑟', '湘妃鼓瑟', '帝子哀', '鼓瑟', '湘波瑟', '湘女怨弦', '尧女瑟', '波上五十弦', '帝娥掩瑟', '帝子鼓瑟', '湘灵', '湘弦']
邓林（夸父）	['夸父逐日', '弃杖', '夸父渴', '邓林', '夸父杖', '夸父步', '饮海绝流', '化邓', '夸父', '夸父鞭日月', '搜弃杖', '与日竟走', '逐日']
鹦鹉赋	['鹦鹉赋']
衔环（杨宝）	['黄雀衔', '衔环报', '黄雀报', '衔环雀', '汉环', '黄雀衔环', '白环报', '衔环', '报恩环', '袭汉环', '饲雀传庆']
蒲轮（刘彻）	['蒲车', '软轮', '安车蒲轮', '安车召', '蒲轮', '软轮车']
闲居赋（潘岳）	['閒居赋', '闲居赋', '潘岳闲居', '潘郎作赋']
黄屋	['黄屋']
子房（张良）	['张子房', '张良', '子房']
大王风（宋玉，楚王）	['大王风', '快哉风', '大王雄', '楚台风', '青蘋风', '披襟风', '宋玉风', '苹末', '楚王风', '被襟', '兰台风', '楚王襟', '台上披襟', '雄风', '一快披襟', '大王雄风', '风入大王', '拂大王', '披襟兰台', '拂楚王襟', '披襟有清风', '襄王风']
木雁（庄子）	['不材木', '能鸣雁', '材不材间', '雁能鸣', '不鸣烹', '木雁', '能鸣分', '雁默先烹', '庄周解爱鸣', '庄叟悲雁']
下帷（董仲舒）	['垂帷', '董帷', '董生帷', '下书帷', '董子帷', '仲舒帷', '董生下帷', '下帷人', '舒帷', '仲舒不窥园', '仲舒园', '不知门外有园蔬', '窥园', '下帷', '闭户', '绝窥园', '三年不窥园树']
李将军（李广，卫青）	['李将军', '李广']
弦惊（魏加）	['惊弓', '弦惊', '惊弦', '怯弦', '伤弓', '闻弦坠', '弓张自摧', '惊雁', '怯张弓']
楚材	['楚才', '楚材', '晋用']
齐竽（南郭先生）	['滥吹竽', '齐竽', '南郭吹竽', '众里笙竽', '吹竽', '齐竽取次吹', '吹竽混真', '伎同南郭', '滥吹', '滥吁竽', '滥竽']
文园	['文园']
前席（贾谊）	['宣室召', '问鬼神', '虚前席', '召贾生', '宣室夜', '及苍生', '宣室对', '宣室鬼神', '夜半前席', '前席', '入宣室', '宣室前席', '贾生前席', '汉皇前席', '膝屡前', '君王思贾', '贾谊久不见', '长沙召贾', '宣室再见时', '宣室征还']
拥鼻（谢安）	['拥鼻吟', '洛生咏', '洛生吟', '洛下书生咏', '洛下咏', '书生咏', '谢安吟', '掩鼻出东山', '拥鼻', '拥鼻雒阳生', '谢安洛生咏', '掩鼻咏', '吟残拥鼻', '拥鼻哦诗']
三顾（刘备，诸葛亮）	['草庐三顾', '顾庐', '三顾茅庐', '三顾', '三接恩', '三顾隆中', '答三顾', '隆中顾', '访葛侯', '蜀主思孔明']
天马（刘彻）	['天马', '从东陵']
从军乐（王粲）	['从军乐', '王粲从军', '从军五首', '仲宣云乐', '王粲投笔', '王粲向旌旗', '王粲有依', '王郎赋从戎']
贪泉（吴隐之）	['贪泉水', '贪泉', '饮泉诗', '笑饮贪泉', '泉为无隐变']
伯乐	['伯乐相马', '伯乐', '孙阳']
补天（女娲）	['五色石', '女娲补天', '补天', '娲皇']
倚玉（夏侯玄，曹睿，毛曾）	['玉树连', '琼树倚', '蒹葭倚玉树', '身倚玉', '倚玉', '蒹葭琼树', '偎琼树']
抽簪	['抽簪', '弃华簪']
冲天（楚庄王，淳于髡，齐威王）	['一鸣惊人', '冲天翼', '一飞冲天', '冲天', '冲天羽', '一举冲霄', '三年一鸣', '三年鸟', '冲天一飞', '惊人一鸣', '三年未鸣', '三年翼自高', '一鸣', '一鸣齐鸟']
方寸	['方寸']
东床（王羲之）	['坦腹东床', '露腹', '东坦', '东床腹', '坦床', '东床', '东床人', '东床佳客', '东床玉', '东床禁脔', '东床俊选', '坦腹', '王郎坦腹', '旧选床', '坦卧东床', '卧床东', '羲之当选']
伯道无儿（邓攸）	['伯道无儿', '邓攸无子', '伯道暮年', '邓家无子', '哭邓攸', '无儿悲邓攸', '伯道孤单', '伯道无后', '邓攸无儿']
宴镐（周武王）	['宴镐', '镐饮', '酆镐', '在镐']
桑榆	['桑榆景', '桑榆晚', '桑榆迫', '桑榆', '桑榆日月侵', '榆景']
瓮间卧（毕卓）	['卧瓮', '吏部眠', '瓮眠', '毕卓眠', '瓮间眠', '卧瓮人', '防吏部', '瓮间卧', '瓮下眠', '瓮边吏部', '瓮间毕卓', '瓮边捉', '抱卧', '毕卓盗窃', '毕卓卧瓮', '毕卓醉狂', '扶毕卓', '偷醅毕卓', '瓮下仙', '卓眠瓮', '毕卓缚瓮边', '缚拼毕卓', '缚著瓮鞭', '横瓮眠', '吏部多醉', '吏部开瓮', '吏部瓮下眠', '瓮间倾卮']
五车（惠施，庄子）	['五车书', '书五车', '读五车', '五车读', '五车', '五车富', '惠施五车', '惠车', '惠施书', '五车书史', '五车载书', '倾五车', '书文五车']
三独（宣秉）	['三独', '三独坐', '独坐']
直如弦	['直如弦', '曲如钩', '直如丝', '直如钩', '弦直钩曲', '直钩']
此君（王徽之）	['子猷竹', '谁家多竹门可款', '子猷爱竹', '猷家', '此君', '款竹谁家', '王家种竹', '王家竹', '子猷宠', '爱竹啸名园', '翠竹谁家门可款', '看竹', '看竹问主', '款门不问谁家竹', '篮舆爱竹', '门深款竹', '随宜有竹', '王家看不足', '王家看竹', '子猷风调', '子猷幸见过', '多竹门可款', '逢竹便寻']
潜夫（王符）	['潜夫论', '潜夫']
纵横	['纵横']
下车（武王）	['下车', '下车佳政']
日边（司马昭）	['日边', '日下', '日远']
铁冠	['铁冠']
佩刀（吕虔，王祥，王览）	['吕虔刀', '赠宝刀', '吕刀', '宝刀赠', '吕虔佩刀', '佩刀', '虔收宰相刀', '识佩刀', '重佩刀', '宝刀世载', '传家宝刀', '佩刀世三公', '尚书佩刀', '王祥贻刀', '贻佩刀', '玉祥得佩刀', '宰相刀']
黄霸	['黄颍川', '黄霸']
伍员涛（伍员，文种）	['素车白马', '胥涛', '白马素车', '灵涛', '胥潮', '伍胥潮', '白马潮', '怒涛飞', '伍胥涛', '灵胥怒', '胥怒', '子胥潮', '子胥鸱夷', '子胥涛', '前胥后种', '银涛白马', '鸱夷没', '鸱夷革', '鸱夷恨', '伍员潮', '伍胥神', '伍子涛', '白马银涛', '鸱夷血', '灵胥八月涛', '八月潮怒', '怒为涛', '伍相鸱夷', '伍员涛', '子胥灵', '子胥弃', '东流生白波', '素车驾长鲸', '涛江雪浪', '伍相潮头', '伍胥白浪', '胥涛溅恨', '壮志死不息', '子胥鼓浪', '白马踏海潮', '乘潮', '鸱夷怒涛', '寒涛拥伍胥', '魂庄怒涛', '灵胥', '怒涛犹不平', '前潮作子胥', '素车走灵胥', '伍生传谬', '伍相', '伍胥恨不灭', '伍胥怒涛', '胥江万里涛', '子胥怒钱塘', '子胥弃江']
萧寺（萧子云，萧衍）	['萧寺', '萧家寺']
栖梧	['巢梧', '凤凰宿', '栖梧', '托椅桐']
张骞	['博望侯', '张博望', '张骞']
三岁字	['袖中书', '三岁字', '字不灭', '怀袖三年', '袖中字', '入怀', '贮书怀袖']
孟母邻（孟子，孟母）	['孟邻', '孟家邻', '孟母邻', '孟母三迁', '孟母教', '孟母迁邻', '孟子邻', '三迁教养', '三徙']
钓鳌	['连鳌', '连六鳌', '鳌岭', '鳌钓', '钓连鳌', '龙伯钓鳌', '龙伯国人', '龙伯钓', '巨鳌钓', '钓鳌', '龙伯翁', '巨鳌连钓', '龙伯啖', '三岛钓鳌', '长竿钓巨鳌', '鳌戴', '鳌驾蓬莱', '鳌山', '巨鳌', '灵鳌', '六鳌', '龙伯戏', '一钓十五鳌']
陆机	['陆平原', '平原内史', '陆机', '平原']
埋轮（侯文，张纲）	['问狐狸', '豺狼当路', '埋轮使', '轮埋', '埋轮', '扫豺狼', '张纲埋轮', '狐狸不足论', '埋轮气', '狐狸避宪章', '狐狸何足道', '惧埋轮', '洛下狼', '埋轮守', '狐狸谁问']
月窟	['月窟']
买山（支遁，深公，巢父，许由）	['买山钱', '买青山', '买山隐', '买山赀', '卖山', '买山而隐', '无钱买山', '钱买山', '道林钱', '买峰', '买山', '作意买山', '不费青蚨买', '不用道林钱', '买得前山', '买山归老', '西山买白云', '买山巢由笑', '支遁不惜钱', '支公计']
归去来（陶潜）	['归去来', '赋归来', '归去来兮', '赋归田', '渊明归去', '渊明归', '赋归去来', '愧渊明', '吟归去', '渊明赋归', '渊明归来', '元亮归来', '陶令赋归来', '陶令归去', '归去吟', '陶令去官', '陶令思归', '归去篇', '罢官陶令', '赋得归来', '陶令辞彭泽', '归去陶', '归田先作赋', '归卧渊明', '还家陶令', '彭泽初归', '彭泽归田', '陶令解龟', '陶休', '投组归来', '渊明归意', '赋归', '归来同元亮', '靖节赋归', '陶令几时归', '陶潜休官', '渊明解征骖']
颍川政（黄霸）	['颍川政', '征颍川', '颍川征诏', '征黄']
扫门（魏勃）	['扫门求见', '丞相扫门人', '扫舍人门', '扫门', '扫门踪魏勃', '长扫朱门', '埽门士', '无私断扫门', '相门洒扫', '拥帚扫公门']
嵇康懒（山涛，嵇康）	['论懒', '嵇康懒', '嵇懒']
佳气（刘秀，苏伯阿）	['佳气', '南阳气', '南阳佳气', '皇州佳气葱葱']
漂母（韩信，漂母）	['一饭恩', '饭王孙', '一饭千金', '漂母恩', '韩信饿', '千金酬一饭', '王孙钓', '漂母惠', '楚媪馈王孙', '淮阴纶饵', '邂逅漂母', '寄食王孙', '溧母矶头', '漂母']
金微	['金微']
元瑜（阮瑀）	['阮元瑜', '阮家', '阮瑀', '元瑜']
傲吏	['傲吏']
三千客（田文，魏无忌，黄歇）	['三千客', '三千士', '食客三千']
山涛	['山吏部', '山公', '巨源', '山涛']
薜荔衣	['薜萝衣', '薜荔衣']
误曲（周瑜）	['周郎顾', '赏音稀', '顾曲周郎', '周郎顾曲', '顾周', '忆周郎', '周郎一顾', '顾曲人', '觅周郎', '误曲', '待一顾', '畏周郎', '顾曲多情', '顾曲中误', '回头顾曲', '曲误不须顾', '误顾', '一顾周郎', '周郎赏', '周郎尚不知', '周郎知曲误', '周郎知音', '周郎醉眼', '公瑾见误', '顾曲', '恋红牙', '曲误试周郎', '微笑周郎', '误新声试周郎', '小误回头', '知音周郎', '周郎识曲']
九门	['九门']
张仪	['舌存', '张仪舌', '存舌', '吾舌在', '留舌', '仪舌', '疑璧', '张仪舌在', '盗璧', '仪舌在', '纵横舌', '韫璧', '璧非真盗', '舌在何忧', '诬张仪', '有舌', '恒视舌', '留舌示妻', '舌问妻孥', '舌在', '张仪']
黍离	['禾黍高低', '闵周', '黍离', '黍稷叹']
抱瓮（庄子）	['汉阴机', '抱瓮灌园', '汉阴老', '汉阴瓮', '汉阴灌', '抱瓮', '汉阴诮', '吴机械', '无机抱瓮', '抱瓮天机', '抱瓮罂', '槔与瓮', '机事机心', '机心抱瓮', '绝机叟', '忘机同汉阴', '嗤桔槔', '灌阴叟', '汉阴报瓮', '汉阴嗤', '机心', '桔槔贤抱瓮', '圃田公', '天机如汉阴', '忘机', '无橘槔', '无械容机']
毛遂（毛遂，赵胜）	['囊中锥', '处囊中', '囊中颖', '处囊锥', '脱颖出', '收毛', '锥出囊', '利颖', '毛遂锥', '露囊锥', '毛遂颖脱', '锥在囊', '颖脱', '利锥末', '囊未出', '透颖锥', '脱颖人', '重毛遂', '敛颖', '毛遂', '囊透锥', '囊锥', '颖露囊锥', '颖囊', '锥难自荐']
灌园	['灌园']
尝胆（勾践）	['卧薪尝胆', '薪胆', '雪会稽', '握火', '会稽耻', '尝胆', '尝胆权谋', '句践胆', '饮胆', '抱冰', '卧薪']
魂招（屈原，宋玉）	['楚辞招', '楚些歌', '楚魄难招', '魂招', '招魂', '飞魂招楚些', '骚魂招不返', '楚些']
牧马（黄帝，大隗）	['游童', '寻大隗', '逢牧马', '襄野童', '牧马', '七圣心迷', '前马圣', '随大隗', '具茨', '失遒襄野']
伶伦（伶伦，黄帝）	['伶伦吹', '伶伦管', '伦伶', '伶伦采', '伶管', '昆仑竹', '采竹昆仑', '伶伦凤律', '伶伦曲', '伦律', '嶰谷枝', '伶伦', '嶰谷黄钟', '学凤鸣']
金蟾	['素蟾', '金蟾', '寒兔', '清蟾', '兔蟾', '小蟾', '化蟾', '寒蟾', '秋蟾', '升兔', '老蟾', '凉蟾', '银蟾']
龙媒	['龙媒']
解佩（郑交甫）	['双佩', '汉佩', '汉皋佩', '投佩', '江皋解佩', '汉皋解佩', '汉皋佩冷', '解佩', '汉皋珠佩', '汉皋佩失', '汉上衿', '汉浦遗玦', '佩失', '琼佩遗交甫', '汉浦解佩', '江妃', '捐佩遗交甫']
狗盗（田文）	['鸡鸣狗盗', '狗盗鸡鸣', '鸡鸣函谷', '学鸡鸣', '感孟尝', '放孟尝回', '鸡鸣夫', '鸡鸣试关', '鸡鸣夜乱', '借晓人', '漏却田文', '脱函关厄', '崤函关出', '狗盗', '函谷孟尝归', '函关报晓鸡', '开关计', '乱真鸡', '齐客偷秦官', '伪鸡鸣', '学鸣鸡']
荀令香（荀彧）	['满身香', '荀令香', '香满衣', '令君香', '令公香', '荀令香炉', '荀令熏炉', '荀令炷炉香', '荀炉', '风流荀令', '荀衣', '国香荀令', '香闻荀令', '荀公几日香', '荀令焚香', '花香逐荀']
留侯	['留侯']
朝宗	['朝宗']
小阮（阮咸，阮籍）	['二阮', '小阮', '阮咸', '仲容']
塞上翁（塞翁）	['塞上翁', '塞翁失马', '失马翁', '塞翁心', '塞马', '塞翁祸福', '塞边翁', '失马何忧', '塞翁', '失马安知非福']
上蔡（李斯，赵高）	['上蔡门', '叹黄犬', '黄犬叹', '黄犬悲', '上蔡悲', '上蔡苍鹰', '悲东门', '李斯犬', '上蔡黄犬', '忆黄犬', '上蔡公子', '黄犬应闻笑李斯', '东门犬(狗)', '呼鹰上蔡头', '黄犬回头', '东门黄犬', '思大东门', '上蔡', '李斯拘秦桎', '李斯追悔', '上蔡呼鹰']
长者车（陈平）	['长者车', '长者辙', '无车辙', '门前车辙', '门前长者车', '车多长者', '长者来寻', '陈巷', '门无车辙', '穷巷回车辙', '柴门车辙', '席门穷巷', '老人骖驭往', '曲逆车', '陈巷车音', '席维门', '辙迹陈巷']
玄圃（周穆王）	['悬圃', '玄圃']
掷地（孙绰）	['掷地', '金石击撞', '金石声', '金声掷地', '金玉铿如', '掷地胜如金玉', '掷地篇', '掷金']
淮阳卧（汲黯）	['薄淮阳', '淮阳卧', '卧淮阳', '淮南卧', '淮阳绩', '淮阳薄', '淮阳病', '淮阳高卧', '病太守', '淮阳多病', '淮阳效理', '汲黯卧理', '卧理', '卧治']
傅岩（傅说）	['傅说版筑', '相殷', '傅岩', '傅氏筑', '筑岩', '版筑']
衔芦	['衔芦', '一枝芦']
斩蛇（刘邦）	['赤龙子', '蛇分', '大蛇中断', '赤帝孙', '白蛇死', '汉高斩蛇', '蛇母哭', '斩蛇人', '斩蛇', '赤龙', '高祖斩蛇', '赤精', '大泽诛蛇', '断蟒长途', '汉祖白蛇', '沛公斩蛇']
席上珍（孔子）	['席上珍', '席上儒', '席珍']
流霞	['醉流霞', '紫霞杯', '霞浆', '流霞杯', '餐霞客', '饮霞', '流霞酒', '吸流霞', '霞酌', '霞盏', '流霞', '一杯霞', '霞杯', '霞环', '霞石杯', '仙杯落晚霞']
坑降（白起）	['坑降', '坑赵', '赵坑', '长平事', '秦坑', '长平苦', '长平冤气']
七贵	['七贵']
鲁阳戈（鲁阳公）	['鲁阳戈', '鲁戈', '挥天戈', '转日回天', '鲁阳挥戈', '却日戈', '驻白日', '指日戈', '挥戈回白日', '鲁阳德', '挥日戈', '回天却日', '鲁戈回日', '回戈术', '驻景戈', '戈挥景', '挥戈', '挥戈术', '剑舞转颓阳', '日避挥戈勇', '日轮驻霜戈', '司天戈', '长戈回白日', '酣战挥日', '挥戈退日', '麾日之戈', '回日轮', '鲁日回轮', '鲁阳驻日']
击筑（高渐离，荆轲，狗屠）	['燕市悲歌', '击筑歌', '燕赵悲歌', '燕市筑', '悲歌燕市', '渐离击筑', '荆卿歌', '行歌燕市', '燕市狂歌', '歌酒市', '击筑', '燕市击筑', '蓟门歌', '市筑', '燕市泣', '高歌酒市', '击残哀筑', '击筑渐离', '渐离弦', '荆歌高筑', '离击筑', '秦廷筑', '狗屠', '荆高', '燕酒初酣']
钧天（赵简子）	['钧天乐', '钧天梦', '钧天广乐', '帝乐', '钧天奏', '天钧', '梦钧天', '钧天九奏', '钧天帝所', '梦断钧天', '钧天游', '帝所钧天', '无梦到钧天', '钧天梦帝乡', '天帝乐', '简子魂', '钧天', '梦听帝乐', '帝所', '歌庄钧天', '广乐', '广乐揍钧天', '赵简闻乐']
邹枚	['邹枚']
雕龙	['雕龙']
一顾（伯乐，淳于髡，苏代）	['伯乐顾', '一顾', '牵驱入市']
三车	['三车', '白牛']
种玉（杨伯雍）	['种玉田', '蓝田种玉', '种玉', '玉田', '种出蓝田', '种田生白玉', '耕耘生白璧', '美田种玉', '秧白石', '有田种玉', '玉持雍伯', '种田生玉', '种玉无田']
芸阁	['芸斋', '芸台', '芸阁', '芸香吏', '香芸避蠹']
河梁	['河梁']
班姬（班婕妤）	['班女', '婕妤', '班姬']
八龙（荀淑）	['荀龙', '八龙', '荀家兄弟', '颍川']
鹊喜	['鹊喜', '恨乌鹊', '鹊语', '喜逐行人至', '乌鹊嗔']
肘后方（葛洪）	['肘后方', '肘后符', '肘方', '肘后药', '肘后金壶']
曹刘（刘桢，曹植）	['曹刘', '曹刘词赋', '曹刘文章']
扶桑	['扶桑', '扶桑九日']
禹凿（夏禹）	['禹凿', '夏后', '治水']
庄椿（庄子）	['八千岁', '八千春', '庄椿', '椿龄', '椿寿', '八千椿', '春难老', '漆园椿', '椿岁', '椿同', '菌蟪', '松椿寿', '仙椿', '春龄', '祝椿算', '椿菌年', '椿年', '春算', '椿不争年', '椿姿', '大椿', '说椿', '庄木八千年', '朝菌', '椿树', '灵椿', '冥灵墓', '寿木大椿', '小年', '燕山训']
尧蓂（尧）	['尧蓂', '蓂叶', '历草', '月蓂', '蓂落', '数蓂', '蓂荚']
煮白石	['煮白石', '白石煮', '餐白石', '白石先生', '煮石方', '白石飞仙', '折白石', '白石和泉煮', '白石仙翁', '煎白石', '石似临邛芋', '煮石吃', '铛白石', '根石同煮', '仙煮白石', '煮石']
鲁恭（刘馀）	['雉过', '鲁恭化', '鲁雉', '乳雉驯', '童子怀仁', '使车听雉乳', '童子狎雏', '狎雉', '政成驯雉', '雉留', '车迎雉群', '鲁恭', '狎雉驯童', '驯雉']
迷下蔡（宋玉）	['嫣然一笑', '一笑嫣然', '下蔡阳城迷', '嫣然凝笑', '迷下蔡惑阳城', '迷下蔡', '阳城下蔡', '下蔡迷', '惑阳城', '阳城笑', '下蔡倾', '下蔡城危', '东家一笑', '阳城惑']
惠连	['惠连']
任公	['任公子', '任钓', '沧海钓', '钓东海', '犗饵', '任公钓东海', '巨缗东钓', '钓竿疏', '钓鲸公子', '任公', '任公大饵', '五十犗为饵', '一钓饱千里', '巨海钓', '任子']
金汤（蒯通）	['金汤', '汤池']
轻车（李蔡）	['李轻车', '轻车']
补衮（仲山甫）	['补衮', '衮职']
巨灵	['巨灵手', '灵掌', '巨灵擘山', '巨灵', '擘两山', '运神斧', '擘泰华', '灵胡掌', '巨灵开山', '擘中流']
草圣（张芝）	['张芝', '张伯英', '伯英草圣', '草圣', '张英']
鹪鹩（许由，唐尧）	['鹪鹩一枝', '鸠巢一枝', '鹪鹩', '一枝安', '鹪鹩志', '一枝眠稳']
徐福	['不死药', '徐福楼船', '童男丱女', '五百童女', '徐福一去', '海中童丱', '秦帝使', '求药使', '徐福竟何成', '徐福求药', '徐生迹', '追徐福', '徐韨邀', '徐韨载女', '徐福', '徐福不得仙']
后庭花（陈叔宝）	['后庭花', '歌玉树', '琼枝璧月', '璧月琼枝', '庭花遗曲', '玉树唱', '璧月琼树', '玉树后庭花', '南朝旧曲']
结网	['羡鱼情', '羡鱼心', '临渊羡鱼', '临川羡鱼', '羡鱼', '结网', '临川思结网', '结网空羡']
机石	['支机石', '机石', '取石']
元凯	['元凯']
鸡树（刘放，孙资，曹肇）	['鸡树', '鸡栖']
三星照户	['今夕何夕', '今夕是何年', '今夕何年', '三星照户', '三星曙']
哭秦庭（伍员，申包胥）	['哭秦庭', '秦庭哭', '救楚', '哭庭', '秦庭泪', '包胥血', '愧包胥', '包胥存楚', '包胥一出', '包胥一哭', '包胥一诺', '楚包胥', '哭秦兵', '申胥恨', '包胥救楚', '包胥哭秦庭', '复楚孤臣', '哭救楚', '申包恸哭', '申包胥就楚', '依墙哭楚']
卢女	['卢女']
悬车	['悬车']
沃洲	['沃洲']
掌中舞（张净琬，赵飞燕）	['掌中看', '掌上身', '掌中轻', '飞燕轻', '掌上舞', '掌上轻', '掌中舞', '掌中飞燕', '赵后身轻', '静婉腰', '掌上人', '飞燕身轻', '掌上怜', '纤腰掌上', '掌中无力', '掌中行', '君王掌上', '舞掌轻', '掌上承恩', '转纤腰', '飞燕掌中娇', '皇后舞', '静婉舞', '掌中托', '汉宫舞腰', '汉后身轻', '轻身舞', '上掌']
丹丘	['羽人邱', '羽人丘', '羽人', '丹邱', '丹丘']
凤毛（王劭）	['识凤毛', '凤毛长', '凤毛', '得凤', '凤皇毛', '凤一毛', '见凤毛', '五色毛', '一毛']
鲁连书（田单，鲁仲连）	['鲁连书', '飞一箭', '下聊城', '一笴', '鲁连箭', '聊城矢', '射聊城', '燕将书', '破聊城', '聊城功', '一箭书', '聊城笴', '鲁连射书', '系书', '一矢解世纷', '一矢聊城飞去', '飞书', '箭镞无书', '鲁连乘舟', '鲁连箭书', '田单惭取聊', '下燕城', '一发下城']
德星（陈寔）	['聚德星', '贤人聚', '德星会', '聚贤人', '聚星人', '德星', '聚星', '天上德星聚', '五百里内贤人聚', '荀星', '星聚', '荀家聚星', '占星聚德']
苏属国（苏武）	['苏属国', '典属国', '属国归', '苏武封薄']
鹤书徵	['鹤书徵']
覆盆	['戴盆望天', '望天盆', '覆盆', '戴盆', '首戴盆']
双成（董双成）	['董双成', '琅璈', '侍女吹笙', '双成']
剧孟	['剧孟']
无弦（陶潜）	['无弦琴', '琴无弦', '没弦琴', '陶琴', '陶令琴', '靖节琴', '无声琴', '彭泽横琴', '陶琴不要弦', '陶琴无弦', '陶翁琴', '无弦', '空抚余徽', '琴中得趣，弦上何劳声', '意在无弦', '渊明琴中趣']
捧日	['捧日']
平原君	['平原君']
骑儿逢郭伋（郭伋）	['竹马待', '骑儿逢郭伋', '仙童驭竹', '竹儿争见', '童子骑竹', '竹马拜迎', '儿童竹马', '竹马迎', '儿童骑竹马', '童稚欢迎', '骑竹欢迎', '童子争迎', '迎使君车', '竹马约', '儿骑空迎', '骑竹更生', '有儿迎郭伋', '竹儿争见君', '竹马旧童', '竹马望尘', '竹马迎逢', '竹马迎郭伋', '竹马童子', '儿骑']
真龙（子张，鲁哀公，沈诸梁）	['好龙', '叶公好龙', '叶龙', '叶公好尚', '真龙', '画龙', '牖下窥龙', '真龙反惊叶', '郝贞隆', '画龙在叶', '叶公', '叶公见真龙', '叶公岂好真龙']
李陵（刘彻，李陵）	['李少卿', '都尉', '降虏', '李陵']
秦封（秦始皇）	['秦封', '五大夫', '大夫松', '大夫封', '封松', '松作大夫', '五株树', '大夫材', '秦封大夫', '五株封', '大夫树', '秦封树', '秦王封', '五树松', '秦帝封', '始皇封松', '秦官']
广陵散（嵇康）	['广陵散', '广陵客', '广陵弦', '广陵故事', '顾索素琴']
萍风（宋玉）	['萍风', '生萍末', '风生蘋叶', '风生萍叶', '啸起青萍']
花雨	['天女散花', '散花天女', '散花天', '雨天花', '天女花', '曼陀雨', '天雨曼陀', '散六花', '诸天散花', '天花拂袂', '花雨', '雨花', '散花维磨室', '天花', '天女相试']
雍门琴（田文，雍门周）	['雍门琴', '曲池平', '雍门弹', '雍门哀', '雍门泪', '雍门歌', '雍琴', '雍门言', '池台泪', '池台无恙', '雍门鼓琴', '琴下雍门泪', '薛公泪', '薛县池平', '雍门奏', '曲池合，高台灭', '雍门琴曲']
王谢（王导，谢弘微）	['王谢风流', '乌衣门巷', '旧时王谢', '风流王谢', '乌衣门第', '王谢乌衣', '王与谢', '门巷乌衣', '王家与谢家', '王谢', '乌衣年少', '王谢邻里', '王亭谢馆']
宋玉	['宋玉']
仁风（袁宏）	['仁风动', '袁宏扇', '袁宏一扇风', '赠扇有仁风', '东阳仁', '满扇好风', '偶然入手送东阳', '仁风', '仁风扇动', '扇似袁宏', '袁虎扇', '赠扇扬风', '持赠东冶亭', '扬风赠扇', '袁郎扇']
鹊印	['鹊印', '怀印', '化金印', '鹊衔金印', '石印飞', '喜鹊捧金印']
怀铅（扬雄）	['怀铅', '铅椠', '铅简']
万年枝	['万年枝', '万年树']
粉署	['粉署']
华亭（陆云，陆机）	['华亭鹤', '华亭鹤唳', '闻唳鹤', '鹤唳华亭', '华亭唳', '华亭清唳', '华亭叹', '华亭闻鹤', '华亭一鹤', '愁鹤唳', '华亭别酒', '华亭归梦', '陆机禽', '陆云家鹤', '忆华亭唳', '悲鹤华亭', '华亭', '华亭日中言', '听华亭唳']
廉颇	['廉颇']
三杰（张良，萧何，韩信）	['三杰', '三贤事汉', '汉相人杰']
何水部（何逊）	['何水部', '何水曹', '何记室', '记室何郎', '记室何逊']
何逊	['何逊', '仲言丽藻']
建安作	['建安骨', '建安时', '建安作', '建安体', '建安吟']
锦帐	['锦帐郎', '锦帐']
金丸（韩嫣）	['逐金丸', '韩嫣弹', '韩嫣金丸', '金丸', '拾金丸', '黄金作弹圆', '韩嫣金弹']
淮南药（刘安）	['淮南药', '淮王丹', '淮王术', '淮王爱道', '淮南登仙', '淮王羽化']
熊轼	['画熊', '熊轩', '熊轼']
李膺	['李膺']
广成子	['广成子']
望夫	['望夫石', '望夫山', '山头石', '望夫台', '化石心', '化作石', '山头化石', '身化石', '矶头新妇石', '山头似人石', '化石山头妇', '妾身为石', '化石', '望夫']
金埒（王济）	['马埒', '黄金埒', '钱埒', '金埒', '金埒马', '马埒编金', '马埒堆金', '铺钱埒', '永埒铺金', '铺金作埒']
九转	['九转丹', '九转']
杏田（董奉）	['杏田', '董奉杏', '虎卖杏', '杏树', '种杏']
虎溪（陶潜，僧慧远）	['过虎溪', '虎溪僧', '虎溪相送', '虎溪远', '远公不出', '虎溪', '勿过虎溪', '长隔虎溪', '三笑']
九皋	['九皋鹤', '鹤鸣九皋', '九皋唳', '九鹤', '九皋', '皋通鹤', '九鹤唳']
黄公（王戎）	['黄公垆', '卖酒垆', '黄公酒垆', '黄翁', '黄公', '黄公肆', '黄垆', '酒垆陈迹问', '酒垆论交', '酒垆文友', '酒垆姓黄']
三黜（柳下惠）	['学柳下惠', '如柳下惠', '三黜', '三见黜', '三宜黜', '三黜柳', '柳下贤', '三黜柳士师', '黜有三', '畏三黜']
公车	['公车']
姹女	['姹女', '河间数钱', '数金', '奼女', '数钱']
绛帐（马融）	['马帐', '隔绛纱', '绛纱帐', '绛幄', '马融帐', '绛帐先生', '马融绛帐', '传纱帐', '绛帐马融', '身在绛纱', '后堂列女乐', '绛纱坐帐', '马公礼乐', '笙歌绛帐', '钗钿拥马融', '绛纱', '绛帷', '绛帐']
系日	['长绳系日', '系日']
和鸣（懿氏，陈完）	['陈凤', '卜凤凰', '凤兆', '和鸣', '鸣凤飞', '配凤凰']
乘桴（孔子）	['乘桴浮于海', '浮溟', '泛浮槎', '浮海叹', '乘桴海上', '乘桴计', '从我者谁', '桴泛', '浮海', '海可浮', '宣尼浮海', '乘桴']
牧羊儿（黄初平）	['牧羊儿', '初平羊', '金华牧羊', '群羊化石', '羊起', '金华牧羊儿', '初平群羊', '牧羊金华', '慕初平', '寻初平', '叱起', '初平期', '乱石似羊', '驱石不成羊', '仙人拥石', '白羊', '鞭石仙人', '动石为羊', '金华羽士', '驱羊动石', '童子驱石', '问羊初平在', '问羊到金华']
折槛（张禹，朱云）	['攀槛', '斩马剑', '朱云折槛', '赐尚方剑', '朱云剑', '断佞臣头', '朱云请剑', '朱云请', '上方请剑', '折槛', '朱云地下游', '攀槛朱云', '尚方请剑', '折槛郎', '丹槛折', '直言旗', '叱禹', '槛独攀', '折槛英风', '请剑', '请剑折槛', '斩马上方剑', '朱云直言']
触藩	['触藩羝', '羝羊触藩', '羝触藩', '羊触藩', '羝羊触', '藩羝', '触藩', '藩羊触']
天吴	['天吴']
三缄（孔子）	['三缄', '金人偈', '垂戒鑴铭']
燕石	['燕石', '燕珉', '宋人宝燕石', '宋人遇周客', '燕巾滥宝', '宋人不辨玉', '缇袭三四', '燕石十袭', '十袭']
麋鹿姑苏（伍员，刘安）	['麋鹿游', '姑苏麋鹿', '荒台麋鹿', '麋鹿荒台', '麋鹿姑苏', '麋鹿呦呦', '聚麋鹿', '鹿走姑苏', '吴宫麋鹿', '苏台鹿走', '吴台草', '鹿登台榭', '鹿豕衔枯荠', '鹿游唐苑', '麋鹿泣姑苏', '麋鹿上高台', '湿楚臣衣', '台荒麋迹', '吴台游鹿', '野鹿上高台', '姑苏鹿戏', '姑苏蔓草', '荆棘堪伤', '鹿苑', '路走姑苏台', '湿楚衣', '吴苑走鹿麋', '香径走麋鹿', '游鹿', '游鹿衔花']
适荆蛮（王粲）	['适荆蛮', '飘零王粲', '王粲不归秦', '王粲滞荆州', '王粲别荆蛮', '去国王粲', '王粲去国']
夫子墙（子贡，孔子）	['数仞墙', '夫子墙', '及肩墙', '赐也墙', '丘墙', '子贡墙', '赐墙及肩', '及墙藩', '贤子贡', '圣门未窥']
素餐	['尸位素餐', '素餐', '尸素', '尸禄']
射雕手（斛律光）	['射雕手', '射雕', '射雕将', '落雕材']
忘筌	['得兔', '忘蹄', '忘筌蹄', '得鱼忘筌', '忘筌', '弃筌', '筌蹄弃', '筌蹄', '忘筌得鱼', '问旧蹄', '得兔忘筌', '钓罢忘筌']
苍梧	['虞帝魂', '九嶷', '苍梧', '九疑']
貂蝉	['貂蝉', '珥貂', '金貂']
却秦（鲁仲连）	['鲁连子', '蹈东海', '却秦', '蹈沧海', '鲁连蹈海', '耻帝秦', '谈笑却秦军', '却赏', '鲁连归', '沧海难追', '蹈沧州', '海见鲁连心', '鲁连解围', '鲁连遗风', '跳东海', '一笑无秦帝', '仲连逃海上', '蹈海', '适赵解纷', '终挠赵帝秦', '仲连逃海']
腐鼠（庄子）	['鸱吓', '吓鼠', '腐鼠吓', '吓腐鼠', '争腐鼠', '鸱得腐鼠', '吓飞燕', '猜意鹓雏', '腐鼠', '腐鼠顾', '腐鼠志', '鹓雏捐鼠', '鸱鸮疑', '吓梁园']
紫泥	['紫泥封', '紫泥书', '紫泥诏', '紫泥']
洪崖（洪崖，郭璞）	['洪崖肩', '拍洪崖', '洪崖井', '肩拍洪', '洪崖生', '拍古人肩', '拍洪崖肩', '洪崖拍肩', '把洪崖手', '郭景飞仙', '洪肩', '洪崖', '拍肩', '仙人拍肩']
王粲诗（王粲）	['仲宣赋', '王粲诗', '王粲诗成', '仲宣诗赋', '仲宣文章']
郑驿（郑当时）	['郑驿', '宾客过', '留宾驿', '郑庄邮', '置驿', '要贤驿', '郑驿留宾', '郑庄宾客地']
漳滨卧（刘桢）	['漳滨卧', '眠漳', '病漳', '漳滨鬼']
白头吟	['白头吟']
姑射	['姑射仙人', '冰肌玉骨', '冰雪容', '藐姑射', '冰雪颜', '玉雪姿', '雪肌肤', '霜雪姿', '姑射肌肤', '姑射仙姿', '姑射人', '姑射姿', '姑射冰肌', '藐姑仙子', '姑射子', '白雪姿', '姑射', '体如冰', '姑山客', '冰肤玉面', '姑射山头仙客', '雪貌冰肤', '冰肌', '冰姿', '姑峰仙质', '姑山冰肌', '姑射质', '藐姑射山之神']
应刘（刘桢，应玚）	['应刘', '应陈']
一瓢（许由）	['弃瓢', '风瓢', '悬瓢', '瓢挂树', '挂瓢人', '挂瓢', '一瓢喧', '挂树瓢空', '瓢饮', '一瓢', '一瓢风入', '一瓢闲挂', '饮水箕山', '枝上瓢空', '风作瓢生', '孤瓢枝上閒寄', '枯瓢闲寄', '枯瓢枝上寄', '厌喧解瓢', '一瓢不挂', '枝上瓢']
冶长非罪（公冶长）	['冶长非罪', '冶长猜', '公冶罪', '冶长缧绁', '公冶非罪', '冶长空待罪']
杯渡	['泛杯', '渡杯', '乘杯', '浮杯渡', '杯渡', '杯中渡', '浮杯', '木杯经']
瑶华	['瑶华']
燕赵女	['燕赵女', '燕赵人', '燕娥', '燕赵多娉婷', '燕赵佳姝']
悬弧	['悬弧']
吊鹤（陶侃之母湛氏）	['吊鹤', '鹤吊', '鹤拂碑', '天涯吊鹤', '宾惊吊鹤', '鹤吊陶', '鹤吊陶母']
韩康	['不二价', '无亭长识', '柴车夺牛', '韩康', '康伯驾牛', '修道夺牛']
突不黔（墨子，孔子）	['黔突', '突不黔', '孔席', '墨突', '席不暖', '黔吾突', '孔突', '不暖席，不黔突', '孔圣栖遑', '墨灶寒', '墨子突孔席', '暖席']
郗超（王珣，郗超）	['郗超', '髯参', '参军髯', '王珣短簿', '王珣作簿', '郗超髯', '佐军髯短']
雕虫	['雕虫']
鹑服	['悬鹑衣', '鹑悬', '鹑服', '鹑衣', '衣鹑结', '衣如飞鹑', '衣若悬鹑', '悬鹑', '衣有悬鹑']
负郭（苏秦）	['二顷田', '负郭田', '田二顷', '二顷良田', '负郭无田', '良田二顷', '负郭田二顷', '洛阳二顷', '求二顷', '二顷负郭', '负郭相君', '二顷季子田', '二顷未谋', '二顷', '负郭', '田同季子']
鸣岐	['岐山鸣凤', '鸣岐凤', '凤归昌', '鸣岐']
何郎（何晏，曹睿）	['粉郎', '何郎粉', '傅粉郎', '试汤饼', '何郎面', '傅粉何郎', '汤饼试何郎', '何郎傅粉', '傅粉疏狂', '何郎', '傅粉郎君', '汤饼赐都尉', '姓何应解傅', '傅粉', '热承汗', '汤饼试平叔', '疑粉']
薏苡谤（马援）	['薏苡明珠', '明珠薏苡', '薏苡谤', '薏苡冤', '收薏苡', '伤薏苡', '遭薏苡', '伏波薏苡', '马援载薏苡', '明珠恨', '明珠来戚里', '所载无南物', '薏苡成珠犀', '薏苡蜚语', '薏苡为文犀', '薏苡无车', '珠薏馀生', '伏波被谗', '明珠一车', '薏苡嗟', '薏苡遗恨']
铜柱（马援）	['伏波铜柱', '汉柱', '马援铜柱', '铜柱伏波', '铜柱', '马援柱', '汉将柱', '铜柱勋高', '云深铜柱', '马柱', '铜柱楼船']
镊白（左思，齐高帝）	['镊白', '镊鬓', '镊须', '镊霜须', '弄白须']
诸生（叔孙通）	['鲁诸生', '诸生']
潘兴（潘岳）	['潘兴', '潘安秋兴', '潘生秋思', '散骑悲秋', '潘郎振藻']
卧辙（侯霸，秦彭）	['遮归路', '卧车辙', '卧辙', '攀辕']
负鼎（伊尹）	['负鼎', '汤鼎', '伊尹负鼎', '汤举伊尹', '伊尹志', '伊尹', '尹屈烹饪']
平子赋（张衡）	['平子赋', '平子归田', '平子赋归田', '平子去', '张衡作赋', '平子田', '平子归休']
题凤（吕安，嵇喜，嵇康）	['题凡鸟', '题凤', '凡鸟', '吕安题凤', '凡客题凤', '题凤在门', '题门', '题字']
贰师	['贰师']
蜗舍	['蜗牛庐', '蜗牛舍', '蜗舍', '庐如瓜牛', '蜗庐', '蜗书户', '一室盘蜗', '蜗卖卜居', '蜗牛独居']
式微	['胡不归', '赋式微', '歌式微', '叹式微', '式微诗', '式微歌', '式微', '黎侯寓卫']
公主嫁乌孙（刘建，刘细君，乌孙昆莫）	['公主嫁乌孙', '黄鹤悲', '双鹤歌', '歌黄鹤', '凤女嫁乌孙', '歌黄鹄', '乌孙公主']
青衿	['青衿', '子衿']
旰食（伍奢）	['旰食', '宵旰', '宵衣']
梅妆（寿阳公主）	['寿阳公主', '梅花妆', '额点梅花', '蕊粉新妆', '寿阳妆', '宫额', '妆梅', '妆额', '额妆', '梅额', '梅花点额', '汉宫娇额', '额花', '梅花妆额', '寿阳宫额', '寿阳眉', '粉额妆', '吹到眉心', '额黄映日', '公主花', '刘梅贵主妆', '梅粉华妆', '梅蕊宫妆', '梅蕊妆宫额', '深宫点额', '寿阳公主面', '寿阳纤巧', '添妆韵似梅', '妆光梅影', '飞近娥绿', '宫妆', '含章', '含章春风面', '含章宫下妆', '梅花入寿阳', '梅花匀面妆', '梅新试妆', '梅妆', '飘到梅心', '试妆看吹面', '寿阳梅妆', '欲点妆额']
六龙	['六龙']
柳恽	['柳吴兴', '柳恽']
起予（卜商，孔子）	['起予', '起予篇']
灵和柳（张绪）	['灵和柳', '张绪风流', '风流张绪', '当年张绪', '蜀柳', '少年张绪', '张绪柳', '柳如张绪', '灵和标格', '张绪门前柳', '张绪如今老']
履声（郑崇）	['尚书履', '郑履', '尚书履声', '识郑崇', '汉履', '鸣汉履', '履声', '听履', '曳履', '著意履声', '革履', '郑崇履声']
庾公（庾亮）	['庾公', '庾亮']
玄度	['玄度']
士龙（荀隐，陆云）	['陆士龙', '云间陆士龙', '云间士龙', '云间陆生', '陆云', '日下鸣鹤', '小陆', '士龙']
铃阁	['铃阁']
埙篪	['埙篪']
刘桢病（刘桢）	['刘桢病', '刘桢沈痼']
周郎	['周郎']
荐祢（孔融，邹阳，祢衡）	['鹗表', '荐祢', '荐祢衡', '孤鹗', '荐士书', '荐衡', '荐祢书', '祢鹗', '飞鹗表', '一鹗书', '祢衡一鹗', '孔融表', '鹗难如', '搜一鹗', '文举荐祢衡', '文举识', '一鹗', '知祢不荐', '鹗荐', '鹗书', '荐鹗', '孔融荐鹗衡', '孔融荐士', '孔融怜衡']
一戎	['一戎衣', '一戎', '一衣']
曾参	['曾参', '曾子']
许由	['许由']
前筹（张良）	['借前筹', '箸筹', '子房筹', '前筹', '张良借箸', '张良箸', '借箸', '暂借良筹', '筹帷', '借筹']
竹马	['竹马']
青囊	['青囊']
洗兵	['洗甲兵', '洗兵马', '洗兵雨', '洗兵', '洗兵甘雨', '洗甲', '洗清兵甲']
鹿鸣	['鹿鸣', '鹿食萍', '食萍鹿']
王陵戆（刘邦，王陵）	['三尺水', '王陵戆']
少君	['少君']
绕朝策（士会，绕朝）	['赠策', '绕朝策', '绕朝鞭', '秦人策', '吾谋适不用', '绕朝赠策', '绕朝赠', '吾谋适可用']
生公	['生公']
绝交书（山涛，嵇康）	['绝交书', '索报书', '嵇康懒寄书', '中散旧交疏', '莫学嵇康', '中散交疏']
逐客（李斯）	['秦逐客', '逐客', '秦客']
黔娄	['嫁黔娄', '黔娄生', '黔娄贫', '黔娄', '康子高才', '黔娄衣', '黔娄安贫', '黔娄衿', '黔娄模样']
守株	['待兔', '守株待兔', '守株', '株守']
考槃	['考槃']
千金笑	['千金笑', '一笑千金', '千金一笑', '千金买笑', '买笑千金', '千金顾笑', '笑态千金', '一笑不值钱', '赠笑千金', '千金换笑']
谢家（谢灵运）	['谢宅', '谢家']
天鸡	['天鸡']
鲛室	['鲛馆', '鲛室']
杞国忧	['杞国忧', '杞天', '杞人忧天', '杞国忧天', '天忧', '青天坠', '忧天倾', '杞忧天坠', '忧天语', '杞天坠地', '人忧杞国天', '天堕忧', '天坠杞人忧', '杞人思', '杞忧', '杞在崩', '忧天']
投阁（扬雄，王莽）	['子云阁', '子云投阁', '扬雄阁', '投天禄', '投阁', '投阁先生', '扬雄投阁']
温树	['温树']
酷似（何无忌，刘牢之，刘裕）	['酷似', '刘牢出外甥', '酷似仰牢之', '貌似牢之']
五千言	['五千言']
嫫母（嫫母，西施）	['嫫母', '嫫母姿', '嫫与施', '嫫母貌']
庄周	['漆园吏', '漆园书', '漆园人', '蒙邑先生', '庄生', '庄叟', '庄周']
琼瑶	['琼瑶']
向隅	['向隅']
琪树	['琪树']
望梅（曹操）	['渴望梅', '望梅止渴', '将军止渴', '望林止渴', '魏林', '救渴将军', '望梅', '说梅止渴', '遥止渴', '庾岭止渴', '征徒异渴', '岭梅止渴', '梅林止渴', '止渴']
藁砧	['藁砧']
倾盖（邹阳）	['白头新', '倾盖如故', '倾盖论交', '白头如新', '倾盖', '倾盖交欢', '交盖倾', '盖不须倾', '轩盖倾']
腐草	['腐叶', '草为萤', '腐草', '萤分草']
巴字	['巴字']
从龙	['云从龙', '从龙', '云龙']
北堂	['北堂']
郢匠（惠施，庄子）	['郢匠', '郢斤', '代斲', '运斤成风', '斲鼻', '匠石斤', '斲鼻工', '斲泥手', '罢挥斤', '成风斤', '匠郢', '匠石操斤', '郢斧', '借斧斤', '思郢质', '郢人妙质', '郢斲', '鼻垩挥斤', '操斤客', '垩劳运斤', '惠死庄杜口', '匠石善运', '良斲', '郢人斤斲', '运斤不辍', '运斤质', '鼻蝇受斤', '垩鼻运斤', '斧挥郢鼻', '妙斤', '郢匠风斤', '郢匠斲', '运斤', '斲妮']
铄金	['烁金', '众口铄金', '铄金', '黄金消众口', '销金众口', '谗口铄金', '金被铄', '金就铄', '众毁铄黄金', '谤消金', '积毁消金']
埋玉（庾亮）	['埋玉树', '玉树埋', '玉树凋', '随玉树', '玉树埋尘', '埋玉', '土花封玉树', '白璧埋黄土', '泉下琪树', '玉人埋处', '玉有谁埋']
存老马（管仲）	['存老马', '识途老马', '老马识途', '马识途', '孤竹马', '老马知道', '马知归路', '马识边秋', '马识金铃', '马识山川', '马知津', '老马迷路', '老马知路', '穷途老马']
大树（溤异）	['将军树', '大树将军', '大树日萧萧', '大树', '树比公孙', '思冯异', '将军换马']
戴颙	['戴颙', '戴征君']
龙门	['半死桐', '半死心', '半死龙门树', '龙门']
担簦（虞卿）	['一双白璧', '虞卿璧', '担簦', '虞卿双璧']
不为家（霍去病）	['匈奴未灭', '不为家', '辞第', '莫言家', '不言家', '霍勋', '家何为', '不言加', '辞甲第', '去病无家', '恩未极，家何恤', '去病忘家']
死灰（南郭子）	['心如死灰', '死灰', '灰无焰', '不然灰', '灰心', '心灰']
白马小儿（侯景）	['白马小儿', '白骑贼', '青袍白马', '青丝白马', '青袍过寿阳']
负薪（披裘公）	['五月披裘', '负薪', '负薪裘', '披裘', '负裘']
非熊（周文王）	['非熊', '卜梦', '非熊兆', '周卜', '非熊梦', '非罴', '非熊罴', '非熊入梦', '飞熊兆', '非熊老子', '非熊卦', '非熊远']
青女	['霜娥', '霜女', '青女', '神女青腰', '青腰玉女', '飞霜青女']
知非（蘧瑗）	['四十九', '四十九年非', '悟前非', '蘧非', '伯玉知非', '五十九年非', '蘧瑗知非', '五十知非', '三十九年非', '知非年', '伯玉年', '慕蘧瑗', '四十始知非', '知六十二年非', '伯玉能觉', '蘧玉知非', '知非']
一苇	['一苇杭', '杭苇', '一苇', '渡苇', '一苇通津']
山屐（谢灵运）	['登山屐', '谢公屐', '游山屐', '寻山屐', '灵运屐', '康乐屐', '登临屐', '谢公双屐', '谢公山屐', '谢氏屐', '屐齿登临', '谢公登山屐', '谢屐', '山屐']
高阳酒徒（郦生）	['高阳徒', '高阳酒徒', '高阳郦生', '高阳傲', '高阳入谒', '高阳酒徒揖龙准']
股肱	['股肱']
谢将军（袁宏，谢尚）	['谢将军', '运租船', '袁宏渚', '袁宏咏史', '境同牛渚', '牛渚闻高咏', '估船运租', '客舟闻咏史', '牛渚吟五章', '彦伯舟', '租船咏史', '牛渚吟', '袁宏烟月', '袁宏夜吟']
白猿	['白猿公', '师白猿', '学剑白猿翁', '白猿', '白猿鏖越女', '剑术教猿猱', '剑术学袁公', '猿公', '猿翁搏', '越女剑术', '白猿剑术', '袁公剑术', '越楚子', '越处子']
韩娥（薛谭，韩娥）	['韩娥', '绕梁声', '绕梁三日', '绕红梁', '歌绕夜梁', '馀音绕梁', '三日响', '歌从雍门学', '歌声梁上浮', '韩娥音', '清歌绕飞梁', '绕尘梁', '绕栋宇', '绕梁唱', '送曲韩娥', '馀声三日飞', '歌梁', '歌响拂雕梁', '梁上歌声绕', '绕梁', '声飞梁']
五裤歌（廉范）	['来何暮', '歌来暮', '五裤歌', '歌五裤', '裤襦歌', '歌襦裤', '歌裤', '歌裤襦', '歌叔度', '五裤谣', '一襦五裤', '五裤咏', '民五裤', '民有裤襦', '裤襦恩', '五裤讴', '廉公裤', '襦温裤暖', '叔度歌', '颂襦裤', '五裤得歌', '楚瑶襦裤', '裤襦', '民谣岂敢裤', '襦裤', '襦裤歌咏', '五裤换破衣', '五裤瑶']
置醴（楚元王，白生，穆生，陈申公）	['置醴', '穆生醴', '楚人钳', '楚筵辞醴', '醴为穆生', '申公钳', '忘设醴', '畏楚钳', '辞醴', '穆生机', '穆逃楚难', '设醴', '市钳', '醴酒忘设']
倚马（桓温，袁虎）	['倚马才', '文倚马', '倚马', '马前草诏', '檄书倚马', '下马具檄', '词成马忧倚', '军书倚马', '露布催书', '檄倚马草', '倚马雄笔']
子玉（崔瑗）	['座右铭', '崔瑗铭', '子玉铭', '子玉']
骊歌（王式）	['唱骊歌', '骊唱', '狗曲', '骊驹在门', '骊驹曲', '骊驹催', '门外骊歌', '骊驹催客', '骊歌', '骊驹', '王式本不来', '骊歌促别', '骊歌送行', '王式悔轻来', '千里骊歌']
秦鸡（陈宝）	['秦鸡', '一双童子', '陈宝雄', '陈仓鸡']
葭灰	['灰律', '葭灰', '清葭']
桂玉（苏秦）	['玉桂', '米如珠', '珠桂', '燃桂', '薪如桂', '食玉炊桂', '尺薪如桂', '炊桂薪', '炊琼爇桂', '爨丹桂', '桂玉', '桂玉一炊', '湿薪如桂', '炊苍玉', '炊玉', '乏桂燃', '桂玉粮薪', '买桂炊玉', '米如珠玉', '燃新桂', '苏鬼难因', '薪桂粒琼']
介推（介之推）	['介推', '焚林', '子推', '介子', '晋山自弃']
偷光（匡衡）	['偷光', '假馀光', '借壁光', '匡衡壁', '凿壁偷光', '凿壁生', '穿邻舍壁', '光偷凿壁', '邻烛馀光', '凿壁', '凿邻家壁', '凿照', '穿壁借光', '匡壁', '烛借邻壁']
巢幕（公子札）	['燕幕', '巢幕燕', '燕巢危幕', '巢幕', '幕上偷安', '幕燕', '幕上禽']
新亭举目（王导）	['新亭泪', '风景不殊', '新亭风景', '泣新亭', '楚囚悲', '新亭对泣', '楚囚对泣', '新亭上', '楚囚相对', '新亭望', '回首新亭', '新亭恨', '新亭举目', '对泣新亭', '访新亭', '风景非殊', '风景异山河', '泪阁新亭', '叹新亭', '涕泪新亭', '悲王导', '惨新亭', '举目悲风景', '无泪学羁囚', '新亭楚囚泪', '不须向新亭', '对泣效楚囚', '河山不异', '茂弘伤情', '新亭相泣']
垂衣	['天子垂衣', '垂衣', '垂裳', '垂衣天下治']
孤鸾	['鸾孤', '鸾鉴', '镜中鸾', '青鸾舞', '舞镜', '舞镜鸾', '舞鸾镜', '孤鸾对镜', '镜掩孤鸾', '鸾独舞', '鉴鸾', '镜掩鸾', '鸾空舞', '孤鸾舞镜', '镜鸾分影', '断舞鸾肠', '孤鸾鸟', '孤鸾照', '镜鸾慵舞', '宝鉴肠空断', '分鸾', '孤鸾', '孤鸾怯舞', '孤鸾死镜前', '孤鸾向影', '交翼鸾文', '绝孤鸾', '鸾回镜', '鸾镜', '鸾销珠镜', '鸾影', '青鸾舞镜', '舞鸾翻镜', '雾鸾晓影', '波鸾慵舞', '孤鸾悲镜', '镜里估鸾', '镜鸾', '镜舞双鸾', '鸾分镜影', '青鸾独绝', '舞罢鸾羞', '舞鉴孤鸾', '羞对彩鸾舞', '紫鸾舞镜']
刘琨舞（刘琨，祖逖）	['闻鸡起舞', '中夜舞', '刘琨舞', '中宵舞', '鸡鸣起舞', '听鸡舞', '起舞闻鸡', '起舞看吴钩', '舞闻鸡', '鸡声非恶']
击珊瑚（石崇）	['珊瑚枝', '击珊瑚', '珊瑚碎', '击碎珊瑚', '齐奴珊瑚', '珊瑚敲碎', '击碎珊瑚玉']
千里驾（吕安，嵇康）	['千里驾', '千里命驾', '嵇吕', '嵇驾', '千里价', '寻嵇', '命驾访嵇']
效颦（孔子，师金，西施，颜回）	['捧心颦', '东施', '西子颦', '学捧心', '施颦', '心常捧', '效颦', '捧心学', '捧心钓饵', '长颦难效', '丑女效颦', '东邻效颦', '捧心', '效频客', '效频眉', '效痛']
咏康哉（舜）	['咏康哉', '赓歌', '良哉']
玄晏（皇甫谧）	['皇甫谧', '玄晏']
濩落（惠子，庄子）	['魏王瓠', '濩落']
黄巾	['黄巾']
挥金（疏广）	['挥金', '散金']
子陵台（严光）	['七里滩', '严陵钓', '子陵台', '七里濑', '钓濑', '子陵滩', '子陵钓', '羊裘钓', '披羊裘', '严子濑', '羊裘翁', '桐江叟', '七里溪', '羊裘老子', '严陵卧', '严光钓濑', '笑严陵', '羊裘叟', '垂钓沧波', '富春生', '换钓舟', '思严子', '野水投竿', '垂钓严生', '钓台', '独抱羊裘', '汉皇故人', '狂客羊裘', '披裘泽畔', '严子垂钓', '严滩垂钓', '富春渔钓', '披裘垂钓', '桐江钓叟', '桐江羊裘', '羊裘', '子陵钓滩', '富春濑']
冯夷	['冯夷']
苌弘血（苌弘）	['苌弘血', '血碧', '千年碧', '苌弘碧', '碧化', '血化碧', '埋血', '千秋碧血', '苌弘化碧', '苌弘怨', '化血三年', '青青血', '妖血碧', '碧血', '化碧']
轩皇（黄帝）	['轩羲', '轩黄', '轩辕黄帝', '轩皇', '轩后', '轩辕']
妖星	['妖星']
藏书壁（刘馀，孔子）	['壁经', '壁中书', '藏书壁', '壁藏书', '孔壁遗经', '鲁室', '闻金丝', '壁中丝竹', '传经鲁壁', '孔壁', '鲁壁书', '鲁壁弦歌', '屋壁诗书', '宣尼壁', '怀宅', '经传孔壁', '鲁壁', '遗经']
控鲤（琴高）	['琴高鲤', '控鲤', '骑赤鲤', '乘鲤', '赤鲤乘', '驾鲤', '跨赤鲤', '琴高乘', '琴高骑鲤', '随琴高', '琴鲤', '鞭锦鳞', '琴高双鲤', '踏神鲤', '琴高骑鱼', '涌琴高']
徐孺（徐稚）	['徐孺子', '徐子', '徐孺', '徐稚']
移山志（夸娥）	['愚公移山', '北山愚', '移山志', '子又生孙', '北公', '愚叟移', '移太行', '操蛇北叟', '夸娥', '山能移', '孙子又生孙', '负锸移山', '移山', '愚公']
七步（曹丕，曹植）	['煮豆', '七步才', '七步诗', '煮豆燃萁', '七步成诗', '七步咏', '相煎何急', '豆萁才敏', '豆萁煎正泣', '豆萁篇', '七步赋', '七步诗成', '萁燃', '豆萁才', '七步', '七步子建诗', '子建诗成几步']
九折（王阳，王尊）	['王尊叱驭', '九折途', '王尊驭', '九折艰', '叱驭王尊', '叱驭人', '忠臣叱驭', '悲九折', '九折悲', '九折魂', '轮摧九折', '危途九折', '九折', '九折回轩', '王尊许国', '叱驭', '回车', '九折回转', '王阳守亲', '王阳叹', '王尊返驾', '王尊疾驱', '王尊驱九折']
貔虎	['貔武', '貔虎', '虎貔']
沁水（刘致）	['沁园', '沁水']
越鸟	['越鸟南飞', '越鸟', '越鸟南枝', '南枝巢禽', '禽恩越']
悬旌	['悬旌']
堕髻（梁冀，孙寿）	['堕马妆', '堕髻', '折腰行', '梁家黛', '孙眉', '孙寿愁眉', '龋齿孙娘', '啼妆', '妆浅休啼脸', '孙寿妖态', '孙寿眉', '折步', '孙寿折腰']
宅相（魏舒）	['宁家宅', '宅相', '相宅', '弊宅因之']
范云	['范彦龙', '范云']
二龙（许虔，许邵）	['渊龙', '二龙']
芝兰（谢安，谢玄）	['玉树枝', '芝兰玉树', '兰砌', '玉树芝兰', '玉树高', '谢庭兰玉', '砌玉', '阶庭兰玉', '砌兰', '兰玉盈庭', '谢砌芝兰', '一庭兰玉', '芝兰满砌', '庭阶兰玉', '庭列芝兰', '庭有芝兰', '阶砌芝兰', '玉树满庭', '芳庭树', '阶庭联玉', '满砌芝兰', '砌底芝兰', '绕庭兰玉', '庭阶映玉树', '谢阶兰玉', '谢庭', '玉砌兰芽', '玉树映阶', '芝兰', '种兰庭砌', '兰阶']
纸贵（左思）	['纸价高', '洛阳纸贵', '增纸价', '衡阳纸贵', '纸贵', '纸贵咸阳', '都中纸贵', '洛阳价增纸']
杞梓	['杞梓']
悲颜驷（刘恒，刘启，颜驷）	['郎潜', '潜郎', '白首为郎', '白发郎', '汉庭用少', '白发郎潜', '三朝执戟', '悲颜驷', '汉家尚壮', '汉廷用壮臣年老', '好文日', '久留郎署', '老颜驷', '潜郎白首', '三朝臣不遇', '晚得诸郎', '颜郎老', '不与少年争遇合', '尚少', '文时不遇，武时不遇']
秦医（晋侯，秦医缓）	['秦医', '晋竖', '二竖', '秦氏药']
圆凿方枘	['圆凿方枘', '弩骀', '方圆龃龉']
索靖（索靖，魏瓘）	['索靖', '一台二妙', '台中妙', '二妙', '一台妙绝']
蟠桃	['蟠桃']
悬磬	['悬磬']
欧冶子	['欧冶子', '欧冶剑', '越欧百鍊']
扬马	['扬马']
倚伏	['倚伏', '福兮伏']
青萍	['青萍']
玄珠	['玄珠', '失玄珠', '从象罔求', '象罔', '珠抛象罔', '象罔寻珠', '遗珠']
授衣	['授衣']
叔子（羊祜）	['羊叔子', '叔子']
双南金（张载）	['双南金', '双金']
京洛尘	['京洛尘', '洛阳尘', '长安尘', '帝京尘', '京洛风尘', '染缁尘', '缁尘染', '素衣尘', '京洛缁尘', '洛城尘', '京洛红尘', '素衣化缁', '京尘梦', '京路尘', '京洛衣尘', '二京尘', '素衣尘染', '洛阳尘土', '西京尘', '尘起洛阳风', '风尘化客衣', '京尘', '京洛化衣', '京洛土', '衣化客尘', '京华多尘土', '困尘缁', '落尘', '缁尘']
孙康勤苦（孙康）	['孙康勤苦', '雪窗', '雪照', '映书', '映雪', '馀辉照书']
握兰	['握兰']
孙登	['孙登长啸', '孙登']
逃名	['逃名']
断猿（桓温）	['断肠猿', '断猿']
陶唐	['陶唐']
题柱（田凤）	['田郎字', '题柱', '田凤']
题舆	['题舆']
华胥	['华胥梦', '华胥国', '梦华胥', '入华胥', '一枕华胥', '华胥路', '华胥乐', '梦游华胥', '出华胥', '华胥一枕', '小华胥', '华胥客', '华胥税驾', '魂到华胥', '华胥', '华胥见', '世外华胥', '寤华胥', '羡华胥', '梦华', '物外华胥']
天柱	['天柱', '西极柱倾']
铅刀	['磨铅', '铅刀', '持铅砺锋']
吐茵（丙吉）	['吐茵', '吐车茵', '吐锦茵', '丞相茵', '污车茵', '相君茵', '车茵污', '车上吐茵', '呕车茵', '吐茵吏', '驭吏吐茵']
一阳生	['一阳生', '生一阳']
青门	['青门']
亭伯（崔骃）	['崔亭伯', '亭伯', '崔骃']
采兰	['采兰']
金莲（萧宝卷，潘妃）	['金莲', '东昏宠', '步莲', '步金莲', '步步莲', '金莲步步', '步生莲', '潘妃步', '黄金莲', '踏金莲', '佳人步', '金莲舞', '金莲影散', '步衬潘娘', '步试金莲', '金试步', '莲承步', '潘妃步莲', '前殿金莲', '帖地黄金', '稳步红莲', '想故莲', '凿地莲花', '金花荐步', '莲步', '莲小承步', '潘妃印中庭']
谢女（谢道韫）	['谢女', '谢娘']
问牛（丙吉）	['丙吉问牛', '问牛', '牛喘']
青帝	['青皇', '东帝', '东皇太乙', '东君力', '青帝', '太乙东皇', '东皇', '东皇司春']
调盐醯（庄辛）	['调盐醯', '挟丸子', '庄辛语', '公子挟弹', '蜻蛉黄雀']
绨袍（范雎，须贾）	['范叔寒', '范叔袍', '恋绨袍', '绨袍恋恋', '绨袍赠', '一寒如此', '赠绨袍', '范叔绨', '恋恋绨袍', '范叔一寒', '绨袍故', '赠袍', '范叔贫', '绨袍惠', '一寒如许', '范寒', '范叔骨相寒', '绨袍', '绨袍怀旧', '有意袍', '娣袍范叔寒', '范雎绨袍']
公干病（刘桢）	['病卧漳滨', '公干病', '公干沉绵', '公干伏枕', '公干握', '公\uf4a5沉绵']
雉车（萧芝）	['迎车雉', '雉车', '萧雉']
画虎（马援）	['画虎不成', '画虎', '画虎文章', '画于菟', '等画虎', '虎难摹', '画虎鹄', '画虎反类狗', '画虎堪诮', '落笔成虎', '图形类狗']
阮家（阮咸，阮籍）	['阮巷', '阮家', '阮舍', '阮宅']
萧郎	['萧郎', '萧郎眼', '萧郎路人', '萧郎漂泊', '萧劳风骨']
青牛（老子）	['青牛', '道士牛']
卜商（卜商）	['卜商', '子夏索居', '子夏', '子夏离群']
不乐为车公（车胤）	['不乐为车公', '问车公', '欢会忆车公', '情会招车胤', '席上车公', '不见车公', '车公醉饮', '招车胤']
三台	['三台']
桑梓	['惟桑', '桑梓', '维桑']
采诗	['采谣', '采诗', '采风']
采芝	['采芝翁', '采芝', '紫芝隐皓']
陆贾金（尉他，陆贾）	['陆贾装', '陆贾金', '千金赠', '金橐', '陆贾分金', '分金', '陆贾归橐']
王良	['王良']
管乐	['管乐']
禹穴（夏禹）	['禹穴', '探禹穴']
刘宠	['刘宠', '一钱太守', '刘宠钱', '一钱']
金台	['金台']
河清	['黄河清', '河清颂', '千年一清', '黄河千年一清', '黄河清年', '河清', '河浊', '黄河一代清', '千年水未清', '河水有清日']
玉兔	['月兔', '捣药兔', '月中玉兔', '玉兔捣香尘', '天上兔', '玉兔', '捣药轮', '捣药']
京兆	['京兆阡', '京兆']
履冰	['履薄冰', '履冰', '临深惧']
绕指（刘琨）	['绕指柔', '百炼钢', '百炼成绕指', '百炼之钢', '刚百炼', '百炼刀', '刚金百炼', '绕指', '一指绕', '至柔绕指', '百炼']
桓伊	['桓伊笛', '三弄笛', '桓伊三弄', '将军笛', '三弄学元戎', '笛里三弄', '桓将军不教吹', '桓伊', '桓伊一曲', '野王三弄']
龚黄	['龚黄']
磷缁	['磷缁']
照乘（梁惠王）	['照乘珠', '梁珠', '照乘宝', '照乘', '魏国明珠']
邹书（邹阳）	['邹书', '梁狱书', '梁狱上书', '上书梁狱', '囚梁', '邹阳入狱', '狱中疵', '皱阳献书']
射日弓（后羿）	['射日弓', '射九乌留白日', '十日', '九轮烛照', '羿落九乌', '羿弓', '九日落', '羿射九日', '九乌落', '弯弓射乌', '羿中九乌', '射日落', '夏羿弓', '尧射十日']
霍冠军（霍去病）	['冠军侯', '霍冠军']
一鼓（曹刿，庄公）	['一鼓', '鼓气']
关令（尹喜）	['关令', '尹叟', '函谷令', '流沙侍师']
白杨悲	['白杨悲']
张公子	['张公子']
于陵子（陈仲子）	['于陵子', '灌园人', '灌园翁', '逃相', '仲子廉', '于陵辞聘', '于陵一穷通', '陈仲灌园织屦', '灌园逃公卿', '三公灌蔬']
爱吾庐（陶潜）	['爱吾庐', '吾亦爱吾庐', '陶庐', '吾爱吾庐', '绕屋树扶疏', '结庐慕陶']
征南	['征南']
击唾壶（王敦）	['击唾壶', '唾壶缺', '唾壶敲缺', '玉唾壶', '缺唾壶', '击壶', '唾壶击缺', '碎唾壶', '缺壶歌', '敲缺唾壶', '唾壶敲碎', '击碎玉唾壶', '唾壶口', '壶敲缺', '敲柳瘿', '击樽破', '敲壶', '唾壶残', '扣铜壶', '狂叩唾壶', '琼壶敲缺', '缺壶声', '醉击玉壶', '壶边击断', '壶堪击', '壶频叩', '击歌壶', '击壶边缺', '击碎村醪𧣴', '击碎歌壶', '击铜壶浩叹', '空击铜壶', '扣壶歌', '敲碎琼壶', '唾壶空击', '银壶缺', '玉壶敲怨', '击玉唾壶', '敲缺铜壶', '敲玉壶']
戴逵（戴逵）	['安道', '戴逵']
三害（周处）	['三害', '南山虎', '白额虎', '射杀白额虎', '除白额', '江中斩蛟', '斩龙子', '周处除三害', '周处刀', '不经异兴里', '挟剑长桥', '长桥', '周处杀蛟', '周侯斩蛟']
葵藿（曹植）	['倾藿', '葵藿志', '葵藿', '葵藿仰阳春', '葵藿资', '葵藿倾叶', '太阳及葵']
武库火（刘邦）	['武库火', '剑飞', '武库烧', '汉剑飞', '斩蛇剑烧上天']
千里莼（王济，陆机）	['千里莼', '陆机莼', '问羊酪', '羊酪不嫌膻', '誇羊酪']
孔丘（孔子）	['孔丘', '仲尼']
昼锦游（张既）	['昼锦游', '昼锦还乡', '昼归']
及瓜（连称，齐侯）	['戍瓜', '及瓜而代', '及瓜代', '及瓜', '及瓜归', '随瓜卸', '瓜期', '瓜时']
嵇阮	['嵇阮']
黄竹（周穆王）	['黄竹咏', '黄竹篇', '黄竹', '周穆念物']
绝编（孔子）	['绝编', '韦编三绝', '韦编绝', '韦编']
斥鴳	['𩿪鴳', '逍遥饮啄', '斥鴳', '雀委蓬蒿', '斥鴳蓬蒿', '蜩鴳蓬蒿', '斥鴳', '蓬蒿燕雀', '草间尺鴳', '尺鴳乐']
龙韬	['豹篇', '龙韬', '豹韬', '太公筹']
一丸（王元，隗嚣）	['一丸泥', '丸泥封', '一丸封', '封函谷', '一泥丸', '丸封', '泥一丸', '函谷泥', '泥函谷', '泥丸封', '函谷泥封', '函谷丸', '丸泥封函关', '封泥', '隗嚣泥', '丸泥塞险', '封泥古', '一丸']
褒女（周幽王，褒姒）	['褒女', '褒女笑', '褒女惑周', '周褒媚己', '褒女灭周', '褒姒烽火', '举烽', '周惑褒姒']
投杼（曾参）	['投梭', '曾参杀人', '曾母投杼', '谗言三至', '投杼疑', '谤言三至', '曾家机', '三言移曾母', '谗言三及', '慈母疑', '投杼']
胶漆	['胶投漆', '胶漆']
缝掖	['缝掖']
指鹿（赵高）	['指鹿为马', '鹿为马', '指鹿', '鹿是马', '马鹿颠倒']
三窟（田文，冯谖）	['营三窟', '兔三窟', '谋三窟', '狡兔三窟', '狡兔三穴', '狡兔窟', '失三窟', '三窟', '兔藏三窟', '狡兔迷窟', '狡兔汁', '夷甫三窟']
凤雏	['凤雏']
阊阖（屈原）	['九阊', '阊阖', '叫帝关', '叫阍']
系名王（贾谊）	['系名王', '系虏', '系颈']
加餐	['加餐']
凤求皇（卓文君，司马相如）	['求凰曲', '凤求皇', '彩凤求凰', '凤求凰', '凤凰音', '凤客', '凤凰诗', '琴中威凤声', '求凰']
逸少	['逸少']
孟尝（田文）	['孟尝君', '孟尝']
蚩尤	['蚩尤']
覆水难收	['覆水难收']
分泾	['分泾', '泾渭', '渭径', '清渭']
灵台（第五颉）	['寄灵台', '宿灵台', '灵台', '栖灵台']
苏门啸（阮籍，孙登）	['苏门啸', '孙登啸', '鸾凤吟', '苏门长啸', '长啸苏门', '半空鸾凤', '闻凤啸', '半岭啸声', '长啸愧孙登', '长啸作鸾音', '高士啸', '山头学啸', '孙登无语', '啸上苏门颠', '长啸发苏门', '长吟感孙登']
汲黯直（汲黯）	['汲黯直', '汲黯匡君']
六龙	['六螭', '六龙辔', '六龙回日', '六龙', '六龙驾日']
高价	['高价']
梦鸟（罗含）	['梦鸟', '凤早吞', '君章才', '梦中吞鸟', '吞彩凤', '吞鸟梦', '梦吞鸟', '鸟有文章']
诛茅（屈原）	['诛茅', '茅诛', '脂韦']
拔山（项羽，虞姬）	['气盖世', '骓不逝', '垓下歌', '拔山力尽', '楚歌四面', '四面楚歌', '拔山', '拔山曲', '垓下兵稀', '泪尽别骓时', '泣对虞姬', '四面歌残', '四面为楚', '项籍顾骓', '楚歌', '楚帐闻歌', '垓下', '虞歌诀别']
祝融	['祝融']
伍员死（伍员）	['抉眼', '伍员死', '伍员头', '抉眼胥门', '伍胥抉目', '伍员抉目', '伍员杀身', '抉目伍员', '伍胥仗剑', '悬目东门', '属镂忠恨', '属镂剑']
五云车	['五云车']
搀抢	['搀枪', '搀抢']
姹女	['奼女', '姹女']
紫府	['紫府']
宗雷	['宗雷']
祖龙（秦始皇）	['秦皇', '祖龙']
阿侯	['阿侯']
彭泽田（陶潜）	['种秫田', '彭泽田', '彭泽米', '公田种秫', '元亮秫', '访秫粳', '陶令秫酒', '效陶种秫', '无田供秫米', '种秫']
五羖（晋献公，百里傒）	['五羖', '五羊皮', '五羖皮', '五羖赎']
掩鼻（郑袖）	['掩袖', '掩鼻', '掩鼻工谗', '掩鼻计', '郑姬谤', '魏姝掩袂', '掩袂']
阿娇	['阿娇']
坐啸	['坐啸']
潘郎泪（潘岳）	['安仁悼亡', '潘郎泪', '潘岳哀', '潘岳无妻', '潘岳悼伤']
左思	['左太冲', '左思裁赋', '左思十稔', '左思', '左思驰芳名']
玉壶冰（鲍照）	['玉壶冰', '玉壶清', '一壶冰', '清似玉壶冰', '冰壶', '鲍壶冰', '清如寒露在冰壶']
柱史（老子）	['周史', '柱下史', '周柱史', '柱史']
轩冕	['轩冕']
玄成	['玄成']
板舆（潘岳）	['潘舆', '板舆', '版舆']
辟疆园	['辟疆园']
即墨牛（田单）	['火牛', '连牛', '田单火牛', '纵火牛', '即墨牛', '火牛阵', '燧牛尾', '奔牛', '火牛兵', '火牛突出', '即墨功', '即墨降城', '即墨龙文', '愧田车', '燕阵横功']
应徐	['应徐']
颍阳（尧，许由）	['颍客', '颍阳']
饮冰	['饮冰']
白登围（刘邦）	['白登围', '白登道', '炎汉自勒兵']
烛龙	['衔烛', '衔烛龙', '烛龙', '九龙衔烛', '烛龙回照', '北荒烛龙', '龙街烛', '神龙']
阳侯	['阳侯波', '阳侯之波', '阳侯', '傲阳侯', '阳侯伏', '波神']
一麾（阮咸，阮咸，颜延之）	['一麾出守', '一麾']
鱼目	['鱼目混珠', '鱼目', '鱼目混珍', '鱼目俪玙璠', '鱼目笑明月', '夜光同鱼目']
养鸡（祝鸡翁）	['养鸡', '祝鸡翁', '尸乡翁', '尸乡养鸡']
银钩	['银钩']
游梁	['游梁']
商陵（南陵牧子）	['别鹤操', '商陵', '别操', '伤别鹤', '别鹤弄', '商陵怨', '别鹤', '愁别鹤', '商陵闻别鹤', '吟别鹤', '憎别鹤', '琴操寄恨', '雅操入琴']
班荆	['班荆']
太常妻（周泽）	['太常斋', '太常妻', '学太常', '不斋醉如泥', '斋日多', '犯斋收', '太常醉', '太常已醉', '太常长斋', '太常醉如泥']
等浮云（孔子）	['富贵浮云', '浮云富贵', '等浮云', '富贵如浮云', '浮云轻', '属浮云', '不义若浮云', '富贵白天']
吐凤才（扬雄）	['吐凤才', '飞白凤', '白凤', '梦吐白凤', '吐凤', '白凤飞来玄草', '毫惊彩凤']
鹄箭	['射鹄', '鹄箭', '中鹄']
枳棘鸾（仇览，仇香，王涣）	['栖棘', '枳棘栖', '枳棘鸾', '枳棘林', '棘栖鸾凤', '枳棘栖凤', '枳棘鹤']
白马将	['白马将']
郑卫	['郑卫', '郑声']
周召	['周召', '召南分沃畴', '周召分陕']
酒中蛇（杜宣，乐广）	['杯蛇', '蛇杯', '杯中蛇', '杯弓蛇影', '雕弓落影', '广客蛇', '酒中蛇', '画蛇杯', '杯里无蛇', '赤蛇悬弩影', '挂蛇杯', '酒误蛇', '清樽照画蛇', '忘弓莫问蛇', '悬蛇疾', '移杯失画蛇', '照影落清杯', '弓舌', '映弩', '盏底弓影', '樽中弩']
张长公（张挚）	['张长公', '张挚']
麻衣	['麻衣', '白衣']
心匪石	['心匪石', '我心匪石', '石可转', '匪席', '石转']
帝乡（庄子）	['白云乡', '白云归帝乡', '帝乡']
鸡群（王戎）	['鹤在鸡群', '别鸡群', '鹤鸡殊羽翼', '鹤避鸡群', '鸡鹤分', '鸡群']
一掷（刘毅）	['百万呼卢', '彩卢连掷', '赢如刘毅', '呼卢', '一掷成卢', '呼卢胜', '摴蒲百万', '绕床呼卢', '一掷', '刘毅掷', '绕床呼一掷', '五木尽作炉', '掷卢使气', '刘毅输百万', '希乐豪']
白笔	['白笔', '簪笔']
騕袅	['騕袅', '腰袅']
蕊珠	['蕊珠宫', '蕊珠']
无何乡	['无何乡', '无何有', '无何有之乡', '何有乡', '无何境', '亡何乡', '无何']
观风	['观风']
生入关（班超）	['生入关', '生入塞', '关外老班超']
杨仆移关（刘彻，杨仆）	['杨仆移关', '关识新安', '杨仆惭为关外人']
梁王（刘武）	['梁王', '梁国文雅']
姜被（姜肱）	['共被眠', '姜肱被', '留被', '姜被', '姜肱共被', '共被']
谢临川（谢灵运）	['谢临川', '临川内史', '临川史']
弓剑	['弓剑']
骑羊（葛由）	['绥山', '绥山桃', '骑羊子', '骑羊', '绥岭桃', '绥山穴', '葛由骑羊']
琴声断（王徽之）	['子敬琴', '人琴俱亡', '叹人琴', '琴声断', '人琴痛', '人琴两亡', '殁后知音少', '琴残子敬床', '痛绝人琴', '子敬亡', '子敬遗琴', '子敬与琴亡', '灵床琴弦断', '碎琴哭灵床']
细君（东方朔）	['细君', '割肉怀归', '诙谐割肉']
刘越石（刘琨）	['刘越石', '刘太尉', '刘琨']
膏明易煎	['膏明自煎', '膏明易煎', '漆有用而割']
乐毅不归（乐毅）	['乐毅不归', '乐生负谤', '乐生居赵', '乐毅奔亡', '乐毅见猜']
柳依依	['柳依依', '杨柳依依']
郑公乡（郑玄）	['郑公乡', '郑公里', '改乡名', '改嘉名']
攀龙	['攀龙附凤', '攀龙', '附凤']
子母钱	['子母钱', '蚨母', '青趺']
拂衣	['拂衣']
青蒲（刘奭，史丹）	['伏青蒲', '伏蒲', '青蒲']
夫差	['夫差']
凤来	['凤来仪', '丹凤来仪', '凤来', '鸾来仪']
风胡	['太阿', '风胡']
风后	['风后', '黄轩二臣']
马融	['马南郡', '马融']
买臣	['买臣']
枚叟（枚乘）	['枚叟', '枚乘']
献芹	['献芹', '美芹', '芹献', '野人芹', '美芹欲献', '甘芹味', '芹美怀君', '食芹云美']
天上麒麟（徐陵）	['天上麒麟', '天上石麒麟', '天上麟', '梦应麒麟', '麒麟降自天', '石麟天堕', '天上瑞麟', '玉麟堕地', '玉麟天上谪见', '玉麟行地', '志公赏麒麟']
老鱼跳波	['老鱼跳波', '弦奏跃鱼', '鱼出听曲', '鱼吹燕蹴', '鱼跃闻曲']
老骥（曹操）	['老骥伏枥', '老骥思千里', '老马伏枥', '老马思故枥', '老骥']
剑履	['剑履']
蓟子（蓟子训）	['蓟子', '蓟子训']
稷卨（契，卨，稷）	['稷契', '稷卨', '稷皋']
解嘲（扬雄）	['扬子解嘲', '解嘲', '扬雄嘲']
徵兰（郑文公，燕姞）	['徵兰', '赠兰', '兰兆', '梦兰', '香返梦兰', '燕兰梦', '姞梦徵兰', '兰梦', '佩兰应梦', '燕姞梦兰']
吉甫颂	['吉甫颂']
鲸鲵（楚王）	['斩鲸', '鲸鲵', '鲸鱼']
买臣归（朱买臣）	['会稽章', '买臣归', '买臣富贵', '买臣乡', '露绶', '会稽愚妇', '会稽妇', '翁子妻', '怀绶朱公', '买臣贵骨', '向故乡怀印绶', '买臣乘轺', '买臣还乡', '妻弃如遗']
淮笑韩信（韩信）	['淮笑韩信', '淮阴欺韩信', '淮阴辱', '屈淮阴']
瑚琏（子贡，孔子）	['瑚琏才', '瑚琏器', '瑚琏']
酒如渑	['酒如渑', '如渑酒']
橘井（苏耽）	['橘井', '苏耽井', '桔井', '苏耽宅', '苏仙橘井']
老人星	['老人星', '南极老人', '老人呈端']
鸿鹄（陈涉）	['鸿鹄志', '鸿鹄之志', '陇上嗟', '忘鸿鹄', '燕雀', '鸿鹄', '垄上兴大楚']
樵风（郑弘）	['郑风', '樵风', '鹤收仙箭', '取箭鹤', '仙人收箭', '遗箭遣鹤取', '仙镝']
濡沫	['聚沫', '鱼沫', '呴沫', '濡呴', '鱼吹沫', '相濡沫', '相忘江湖', '沫相濡', '江湖相忘', '湖海相忘', '江海相忘', '涸溜', '惠沫', '江湖鱼有沫', '濡沫', '相濡相呴', '相忘鳞', '煦沫鳞', '以沫相濡', '相煦沫']
何曾箸（何曾）	['日食万钱', '万钱下箸', '日费万钱', '何曾箸', '何公箸', '万钱餐', '何相万饯', '日费万饯', '食万饯', '万饯厨', '万饯具', '万饯无处著', '万饯箸', '万钱无外著']
平叔（何晏）	['何平叔', '何驸马', '平叔']
木兰舟（鲁班）	['木兰舟', '木兰船', '木兰桡', '兰楫', '兰枻', '木兰楫', '兰艇', '木兰双桨', '木兰之枻', '刳兰', '兰桡', '兰棹']
汉威仪（刘秀）	['汉威仪', '识汉衣冠', '汉仪再睹']
韩彭	['韩彭']
昆明习战（刘彻）	['昆明习战', '楼船习战']
学步（公子牟，公孙龙，庄子）	['邯郸步', '邯郸学步', '寿陵步', '矜学步', '失步人', '学步', '邯郸匍匐', '忘却金闺故步', '失本步', '寿陵失步', '羡邯郸']
莱妻（老莱子）	['莱妻', '莱氏与妻行', '千钟逼老莱', '老莱嘉耦']
休牛（周武王）	['休牛', '归马华山阳', '散马', '桃林', '华山归', '散马牛', '归马华山', '华山归马', '休牛归马', '马向华山', '桃林卧草，华岳嘶风', '散马日', '桃塞马']
曳尾（庄子）	['曳尾龟', '龟曳尾', '曳尾涂中', '泥龟', '泥曳龟', '泥中龟', '曳泥途', '曳尾', '庄龟', '庄生钓', '濮上']
句芒	['句芒']
焚稿（羊祜，谢弘微）	['焚稿', '荧草']
孝廉船（刘惔，司马昱，张凭）	['孝廉船', '觅舟']
阮家贫（阮咸，阮籍）	['未能免俗', '南阮', '聊复尔耳', '南北阮', '阮家贫', '南阮贫', '晒裈', '免俗未能', '晋阮', '阮郎贫', '晒犊鼻', '犊鼻挂长竿', '二阮居南北', '阮郎裈', '摊裈', '穷巷南阮']
鹢路	['鹢退飞', '六鹢', '六鹢退飞', '退飞鹢', '风鹢', '鹢路', '宋鹢', '风六鹢', '宋都鹢', '倦鹢无风', '鹢羽', '得风鹢', '宋都风', '宋都风急', '宋都回鹢', '宋国高风', '退风六鹢', '退鹢', '鹢退']
盗泉	['盗泉']
覆车	['蹈前车', '覆前车', '前覆辙', '前车之鉴', '覆辙', '覆车']
倒戟（赵盾，灵辄）	['倒戟', '怀一饭', '一饭报', '报一饭', '桑下饿', '桑间饭', '饿翳桑', '桑间灵辄', '一餐报', '一箪犒', '翳桑儿', '分赵饭', '扶轮', '灵辄报恩']
弹随	['弹雀', '弹鹊', '隋珠弹雀', '弹隋珠', '弹随', '珠抵鹊', '随珠弹', '弹飞翼', '明珠弹丸', '千仞弹珠', '随珠弹雀']
三休	['三休']
少微堕（谢敷）	['少微堕', '少微损光', '少微夜落', '少微陨光']
大堤	['大堤']
翠华	['翠华']
沈约瘦（徐勉，沈约）	['带围宽', '沈腰', '东阳瘦', '腰围瘦', '休文瘦', '宽带眼', '带眼频移', '宽衣带', '休文多病', '沈愁', '沈郎瘦', '频移带眼', '带减腰围', '东阳带', '瘦损腰围', '衣带渐宽', '沈约瘦', '移带眼', '沈郎多病', '沈郎消瘦', '瘦损东阳', '带围减', '多病休文', '瘦尽东阳', '沈郎围', '宽沈带', '新宽带结', '半分臂小', '病起东阳', '沈郎带宽', '沈郎瘦损', '带惊剩眼', '带眼销磨', '带易成宽', '东阳销瘦带展', '东阳销瘦骨', '多病如削', '罗宽带眼', '清瘦休文', '瘦尽东阳沈', '瘦损沈休文', '衰柳腰肢', '围腰带剩', '消瘦东阳', '消瘦休文', '休文老病', '腰宽带易垂', '腰愧休文', '腰围频减', '沈侯不胜衣', '沈侯瘦', '沈约病瘦', '沈约诗腰', '带围东阳', '带眼', '带眼减围', '东阳受损', '衣带缓']
沈郎钱	['沈郎钱']
十洲	['十洲']
江充	['江充']
赐环	['环玦', '赐环']
叔度（黄宪）	['黄叔度', '黄宪', '叔度']
丝纶	['丝纶']
鹔鹴换酒（卓文君，司马相如）	['鹔鹴换酒', '相如鹔鹴']
孙楚	['孙楚']
刘琨啸（刘琨）	['刘琨啸', '越石笳', '清啸戍楼', '吹笳清啸', '胡笳夜月', '刘郎清啸', '越石啸', '胡骑北走', '笳却敌']
周南太史公（司马谈，司马迁）	['留滞周南', '周南滞', '周南太史公', '周南客', '太史南留']
唐生（唐举）	['唐举', '唐生']
马融笛（马融）	['马融笛', '吹管许季长', '季长', '闻笛']
满籯金（韦贤）	['满籯金', '韦经', '一经教子', '韦金', '黄金满籯', '教子一经', '遗子一经', '一经为教', '遗经教子', '传经俪金籯', '韦叟一经', '一经', '遗金满籯', '遗子后黄金', '有道胜金籯', '有子传家经可教', '传经', '满籯经', '通经汉韦', '一经自足', '籯金', '至道胜金籯']
青毡（王徽之，王操之，王献之）	['旧青毡', '青毡旧', '青毡旧物', '子敬毡', '旧物青毡', '传家物', '床头毡', '恋青毡', '青毡', '王家旧物', '子敬青毡', '故物毡', '恕青毡', '一语不谈俗事', '毡取盗', '家传青毡', '偷儿恕毡']
天籁	['天籁']
池上杯（司马炎，束皙）	['池上杯', '金人捧剑', '洛水流杯', '束晰言妙']
章甫	['章甫', '适越']
荣启期	['荣启期', '荣期', '荣先生']
地仙	['地仙']
东郭履（东郭先生）	['东郭履', '履穿', '东郭先生', '东郭先生履', '履穿东郭', '东郭踏雪']
秋胡（秋胡妻）	['秋胡妇', '南陌金', '秋胡', '秋胡妻', '秋胡曲']
燕霜（邹衍）	['燕霜', '五月飞霜', '燕霜感', '邹衍囚燕', '飞霜', '含悲系燕狱', '邹生哭', '邹衍感彼苍', '邹衍系狱']
卧牛衣（王章）	['牛衣卧', '牛衾泪', '牛衣病卧', '牛衣涕零', '泣牛衣', '卧牛衣', '牛衣泣', '牛衣泪', '拥牛衣', '眠牛衣', '京兆牛衣', '王章被', '仲卿泣', '病卧牛衣', '对泣痕', '惯牛衣', '话牛衣', '困卧牛衣', '牛衣寒贱', '王章疾', '学牛衣', '泪沾牛衾', '王章含愁', '卧病牛衣', '卧病王章']
放鹤（支遁）	['放鹤', '放雪翎']
彭殇（彭祖）	['彭殇', '殇彭', '彭铿夭', '殇乐长年', '彭寿殇夭']
犯龙鳞	['婴鳞', '犯龙鳞', '触龙鳞', '犯鳞', '撄鳞语', '逆鳞', '批鳞']
返魂香	['返魂香', '还魂香']
学稼（孔子，樊迟）	['学樊迟', '学樊迟稼', '樊迟学稼', '学稼']
累安邑（闵贡）	['猪肝累', '累安邑', '买猪肝', '仲叔猪肝', '安邑问猪肝', '烦县尹', '就猪肝', '食肝烦县令', '食无肝', '猪肝仲叔惭', '猪肝多泪']
隔银河（牵牛，织女）	['盈盈一水', '一水盈盈', '隔银河', '银河清浅', '隔星河', '二星无语', '河汉', '脉脉情难语', '牵牛河汉女']
暴泥	['曝鳃', '暴泥']
骑白鹿（卫叔卿）	['骑白鹿', '卫叔卿']
二陆（陆机，陆云，陆弟）	['陆弟', '二陆']
虞翻骨相屯（虞翻）	['虞翻骨相屯', '虞翻枉', '弃虞翻', '时情弃仲翔', '虞翻地远']
鄂君（鄂皙）	['鄂君', '鄂君香被']
蛾眉（庄姜）	['蛾眉螓首', '蛾眉']
五马渡江	['五马渡江', '五马南来', '一马化为龙', '南渡马', '渡江天马', '浮五马', '群马南渡', '五马南游']
隐墙东（王君公，逢萌）	['隐墙东', '避世墙东', '墙东隐', '避世贤', '侩牛', '墙东客', '卧墙东', '牛侩', '老墙东', '高卧墙东', '侩墙东', '学刽牛']
抢榆枋	['抢榆枋']
切泥	['切泥', '切玉剑', '切玉刃']
飞琼（西王母，许飞琼）	['许飞琼', '飞琼舞', '天上飞琼', '飞琼', '飞琼绰约', '飞琼起舞', '飞琼妙舞', '挽飞琼', '度曲许飞琼', '飞琼人间识']
武库（杜预）	['杜武库', '武库']
中散琴（嵇康）	['中散琴', '琴嵇', '叔夜弹琴', '中散有正声']
琴瑟	['琴瑟']
家丘（孔子）	['东家邱', '东家丘', '东邱', '东丘', '家邱', '家丘', '笑东家', '不知邱', '不知丘', '敬东家', '东家']
青云器（阮咸，颜延年）	['青云器', '仲容青云']
琼玖	['琼玖']
池中物（周瑜，刘备，周瑜，孙权）	['池中物', '池龙', '蛟龙得云雨', '蛟龙云雨', '终非池中物', '云雨动蛟龙', '蛟龙出池', '浅水留龙不住']
椒花颂（陈氏）	['椒花颂', '颂春椒', '颂椒']
